0,0,0.0
0,1,0.0
0,2,0.0
0,3,0.0
0,4,0.0
0,5,0.0
0,6,0.0
0,7,0.0
0,8,0.0
0,9,0.0
0,10,0.0
0,11,0.0
0,12,0.0
0,13,0.0
0,14,0.0
0,15,0.0
0,16,0.0
0,17,0.0
0,18,0.0
0,19,0.0
0,20,0.0
0,21,0.0
0,22,0.0
0,23,0.0
0,24,0.0
0,25,0.0
0,26,0.0
0,27,0.0
0,28,0.0
0,29,0.0
0,30,0.0
0,31,0.0
0,32,0.0
0,33,0.0
0,34,0.0
0,35,0.0
0,36,0.0
0,37,0.0
0,38,0.0
0,39,0.0
0,40,0.0
0,41,0.0
0,42,0.0
0,43,0.0
0,44,0.0
0,45,0.0
0,46,0.0
0,47,0.0
0,48,0.0
0,49,0.0
0,50,0.0
0,51,0.0
0,52,0.0
0,53,0.0
0,54,0.0
0,55,0.0
0,56,0.0
0,57,0.0
0,58,0.0
0,59,0.0
0,60,0.0
0,61,0.0
0,62,0.0
0,63,0.0
1,0,0.0
1,1,0.0
1,2,0.0
1,3,0.0
1,4,0.0
1,5,0.0
1,6,0.0
1,7,0.0
1,8,0.0
1,9,0.0
1,10,0.0
1,11,0.0
1,12,0.0
1,13,0.0
1,14,0.0
1,15,0.0
1,16,0.0
1,17,0.0
1,18,0.0
1,19,0.0
1,20,0.0
1,21,0.0
1,22,0.0
1,23,0.0
1,24,0.0
1,25,0.0
1,26,0.0
1,27,0.0
1,28,0.0
1,29,0.0
1,30,0.0
1,31,0.0
1,32,0.0
1,33,0.0
1,34,0.0
1,35,0.0
1,36,0.0
1,37,0.0
1,38,0.0
1,39,0.0
1,40,0.0
1,41,0.0
1,42,0.0
1,43,0.0
1,44,0.0
1,45,0.0
1,46,0.0
1,47,0.0
1,48,0.0
1,49,0.0
1,50,0.0
1,51,0.0
1,52,0.0
1,53,0.0
1,54,0.0
1,55,0.0
1,56,0.0
1,57,0.0
1,58,0.0
1,59,0.0
1,60,0.0
1,61,0.0
1,62,0.0
1,63,0.0
2,0,0.0
2,1,0.0
2,2,0.0
2,3,0.0
2,4,0.0
2,5,0.0
2,6,0.0
2,7,0.0
2,8,0.0
2,9,0.0
2,10,0.0
2,11,0.0
2,12,0.0
2,13,0.0
2,14,0.0
2,15,0.0
2,16,0.0
2,17,0.0
2,18,0.0
2,19,0.0
2,20,0.0
2,21,0.0
2,22,0.0
2,23,0.0
2,24,0.0
2,25,0.0
2,26,0.0
2,27,0.0
2,28,0.0
2,29,0.0
2,30,0.0
2,31,0.0
2,32,0.0
2,33,0.0
2,34,0.0
2,35,0.0
2,36,0.0
2,37,0.0
2,38,0.0
2,39,0.0
2,40,0.0
2,41,0.0
2,42,0.0
2,43,0.0
2,44,0.0
2,45,0.0
2,46,0.0
2,47,0.0
2,48,0.0
2,49,0.0
2,50,0.0
2,51,0.0
2,52,0.0
2,53,0.0
2,54,0.0
2,55,0.0
2,56,0.0
2,57,0.0
2,58,0.0
2,59,0.0
2,60,0.0
2,61,0.0
2,62,0.0
2,63,0.0
3,0,0.0
3,1,0.0
3,2,0.0
3,3,0.0
3,4,0.0
3,5,0.0
3,6,0.0
3,7,0.0
3,8,0.0
3,9,0.0
3,10,0.0
3,11,0.0
3,12,0.0
3,13,0.0
3,14,0.0
3,15,0.0
3,16,0.0
3,17,0.0
3,18,0.0
3,19,0.0
3,20,0.0
3,21,0.0
3,22,0.0
3,23,0.0
3,24,0.0
3,25,0.0
3,26,0.0
3,27,0.0
3,28,0.0
3,29,0.0
3,30,0.0
3,31,0.0
3,32,0.0
3,33,0.0
3,34,0.0
3,35,0.0
3,36,0.0
3,37,0.0
3,38,0.0
3,39,0.0
3,40,0.0
3,41,0.0
3,42,0.0
3,43,0.0
3,44,0.0
3,45,0.0
3,46,0.0
3,47,0.0
3,48,0.0
3,49,0.0
3,50,0.0
3,51,0.0
3,52,0.0
3,53,0.0
3,54,0.0
3,55,0.0
3,56,0.0
3,57,0.0
3,58,0.0
3,59,0.0
3,60,0.0
3,61,0.0
3,62,0.0
3,63,0.0
4,0,0.0
4,1,0.0
4,2,0.0
4,3,0.0
4,4,0.0
4,5,0.0
4,6,0.0
4,7,0.0
4,8,0.0
4,9,0.0
4,10,0.0
4,11,0.0
4,12,0.0
4,13,0.0
4,14,0.0
4,15,0.0
4,16,0.0
4,17,0.0
4,18,0.0
4,19,0.0
4,20,0.0
4,21,0.0
4,22,0.0
4,23,0.0
4,24,0.0
4,25,0.0
4,26,0.0
4,27,0.0
4,28,0.0
4,29,0.0
4,30,0.0
4,31,0.0
4,32,0.0
4,33,0.0
4,34,0.0
4,35,0.0
4,36,0.0
4,37,0.0
4,38,0.0
4,39,0.0
4,40,0.0
4,41,0.0
4,42,0.0
4,43,0.0
4,44,0.0
4,45,0.0
4,46,0.0
4,47,0.0
4,48,0.0
4,49,0.0
4,50,0.0
4,51,0.0
4,52,0.0
4,53,0.0
4,54,0.0
4,55,0.0
4,56,0.0
4,57,0.0
4,58,0.0
4,59,0.0
4,60,0.0
4,61,0.0
4,62,0.0
4,63,0.0
5,0,0.0
5,1,0.0
5,2,0.0
5,3,0.0
5,4,0.0
5,5,0.0
5,6,0.0
5,7,0.0
5,8,0.0
5,9,0.0
5,10,0.0
5,11,0.0
5,12,0.0
5,13,0.0
5,14,0.0
5,15,0.0
5,16,0.0
5,17,0.0
5,18,0.0
5,19,0.0
5,20,0.0
5,21,0.0
5,22,0.0
5,23,0.0
5,24,0.0
5,25,0.0
5,26,0.0
5,27,0.0
5,28,0.0
5,29,0.0
5,30,0.0
5,31,0.0
5,32,0.0
5,33,0.0
5,34,0.0
5,35,0.0
5,36,0.0
5,37,0.0
5,38,0.0
5,39,0.0
5,40,0.0
5,41,0.0
5,42,0.0
5,43,0.0
5,44,0.0
5,45,0.0
5,46,0.0
5,47,0.0
5,48,0.0
5,49,0.0
5,50,0.0
5,51,0.0
5,52,0.0
5,53,0.0
5,54,0.0
5,55,0.058823529411764705
5,56,0.4
5,57,0.0
5,58,0.0
5,59,0.0
5,60,0.0
5,61,0.0
5,62,0.0
5,63,0.0
6,0,0.0
6,1,0.0
6,2,0.0
6,3,0.0
6,4,0.0
6,5,0.0
6,6,0.0
6,7,0.0
6,8,0.0
6,9,0.0
6,10,0.0
6,11,0.0
6,12,0.0
6,13,0.0
6,14,0.0
6,15,0.0
6,16,0.0
6,17,0.0
6,18,0.0
6,19,0.0
6,20,0.0
6,21,0.0
6,22,0.0
6,23,0.0
6,24,0.0
6,25,0.0
6,26,0.0
6,27,0.0
6,28,0.0
6,29,0.0
6,30,0.0
6,31,0.0
6,32,0.0
6,33,0.0
6,34,0.0
6,35,0.0
6,36,0.0
6,37,0.0
6,38,0.0
6,39,0.0
6,40,0.0
6,41,0.0
6,42,0.0
6,43,0.0
6,44,0.0
6,45,0.0
6,46,0.0
6,47,0.0
6,48,0.0
6,49,0.0
6,50,0.0
6,51,0.0
6,52,0.396078431372549
6,53,0.4
6,54,0.4
6,55,0.4
6,56,0.4
6,57,0.0392156862745098
6,58,0.0
6,59,0.0
6,60,0.0
6,61,0.0
6,62,0.0
6,63,0.0
7,0,0.0
7,1,0.0
7,2,0.0
7,3,0.0
7,4,0.0
7,5,0.0
7,6,0.0
7,7,0.0
7,8,0.0
7,9,0.0
7,10,0.0
7,11,0.0
7,12,0.0
7,13,0.0
7,14,0.0
7,15,0.0
7,16,0.34509803921568627
7,17,1.0
7,18,1.0
7,19,0.9686274509803922
7,20,0.0
7,21,0.0
7,22,0.0
7,23,0.0
7,24,0.0
7,25,0.0
7,26,0.0
7,27,0.0
7,28,0.0
7,29,0.0
7,30,0.0
7,31,0.0
7,32,0.0
7,33,0.0
7,34,0.0
7,35,0.0
7,36,0.0
7,37,0.0
7,38,0.0
7,39,0.0
7,40,0.0
7,41,0.0
7,42,0.0
7,43,0.0
7,44,0.0
7,45,0.0
7,46,0.0
7,47,0.0
7,48,0.34901960784313724
7,49,0.4
7,50,0.4
7,51,0.4
7,52,0.4
7,53,0.8117647058823529
7,54,0.8117647058823529
7,55,0.8117647058823529
7,56,0.8117647058823529
7,57,0.4
7,58,0.0
7,59,0.0
7,60,0.0
7,61,0.0
7,62,0.0
7,63,0.0
8,0,0.0
8,1,0.0
8,2,0.0
8,3,0.0
8,4,0.0
8,5,0.0
8,6,0.0
8,7,0.0
8,8,0.0
8,9,0.0
8,10,0.0
8,11,0.0
8,12,0.0
8,13,0.0
8,14,0.0
8,15,0.0
8,16,0.0
8,17,0.0
8,18,0.0
8,19,0.0
8,20,0.0
8,21,0.0
8,22,0.0
8,23,0.0
8,24,0.0
8,25,0.0
8,26,0.0
8,27,0.0
8,28,0.0
8,29,0.0
8,30,0.0
8,31,0.0
8,32,0.0
8,33,0.0
8,34,0.0
8,35,0.0
8,36,0.0
8,37,0.0
8,38,0.0
8,39,0.0
8,40,0.0
8,41,0.0
8,42,0.0
8,43,0.0
8,44,0.0
8,45,0.396078431372549
8,46,0.4
8,47,0.4
8,48,0.4
8,49,0.4
8,50,0.4
8,51,0.8117647058823529
8,52,0.8117647058823529
8,53,0.8117647058823529
8,54,0.8117647058823529
8,55,0.0
8,56,0.0
8,57,0.0
8,58,0.0
8,59,0.0
8,60,0.0
8,61,0.0
8,62,0.0
8,63,0.0
9,0,0.0
9,1,0.0
9,2,0.0
9,3,0.0
9,4,0.0
9,5,0.0
9,6,0.0
9,7,0.0
9,8,0.0
9,9,0.0
9,10,0.0
9,11,0.0
9,12,0.0
9,13,0.0
9,14,0.0
9,15,0.0
9,16,0.0
9,17,0.0
9,18,0.0
9,19,0.0
9,20,0.0
9,21,0.0
9,22,0.0
9,23,0.9372549019607843
9,24,1.0
9,25,1.0
9,26,0.9921568627450981
9,27,0.0
9,28,0.0
9,29,0.0
9,30,0.0
9,31,0.0
9,32,0.0
9,33,0.0
9,34,0.0
9,35,0.0
9,36,0.0
9,37,0.0
9,38,0.0
9,39,0.0
9,40,0.0
9,41,0.0
9,42,0.0196078431372549
9,43,0.4
9,44,0.4
9,45,0.4
9,46,0.4
9,47,0.4
9,48,0.4
9,49,0.4
9,50,0.4
9,51,0.0
9,52,0.0
9,53,0.0
9,54,0.0
9,55,0.4
9,56,0.4
9,57,0.8117647058823529
9,58,0.0
9,59,0.0
9,60,0.0
9,61,0.0
9,62,0.0
9,63,0.0
10,0,0.0
10,1,0.0
10,2,0.0
10,3,0.0
10,4,0.0
10,5,0.0
10,6,0.0
10,7,0.0
10,8,0.0
10,9,0.0
10,10,0.0
10,11,0.0
10,12,0.0
10,13,0.0
10,14,0.0
10,15,0.0
10,16,0.0
10,17,0.996078431372549
10,18,1.0
10,19,1.0
10,20,0.8274509803921568
10,21,0.0
10,22,0.0
10,23,0.0
10,24,0.0
10,25,0.0
10,26,0.0
10,27,0.0
10,28,0.0
10,29,0.0
10,30,0.0
10,31,0.0
10,32,0.0
10,33,0.0
10,34,0.0
10,35,0.0
10,36,0.0
10,37,0.0
10,38,0.00392156862745098
10,39,0.4
10,40,0.4
10,41,0.4
10,42,0.4
10,43,0.4
10,44,0.4
10,45,0.4
10,46,0.4
10,47,0.4
10,48,0.4
10,49,0.4
10,50,0.4
10,51,0.8117647058823529
10,52,0.4
10,53,0.8117647058823529
10,54,0.4
10,55,0.8117647058823529
10,56,0.8117647058823529
10,57,0.8117647058823529
10,58,0.0
10,59,0.0
10,60,0.0
10,61,0.0
10,62,0.0
10,63,0.0
11,0,0.0
11,1,0.0
11,2,0.0
11,3,0.0
11,4,0.0
11,5,0.0
11,6,0.0
11,7,0.0
11,8,0.0
11,9,0.0
11,10,0.0
11,11,0.0
11,12,0.0
11,13,0.0
11,14,0.0
11,15,1.0
11,16,1.0
11,17,1.0
11,18,1.0
11,19,1.0
11,20,1.0
11,21,1.0
11,22,1.0
11,23,0.0
11,24,0.0
11,25,0.0
11,26,0.0
11,27,0.0
11,28,0.0
11,29,0.0
11,30,0.0
11,31,0.0
11,32,0.0
11,33,0.0
11,34,0.0
11,35,0.0
11,36,0.4
11,37,0.4
11,38,0.4
11,39,0.4
11,40,0.4
11,41,0.4
11,42,0.4
11,43,0.4
11,44,0.4
11,45,0.4
11,46,0.4
11,47,0.4
11,48,0.4
11,49,0.4
11,50,0.4
11,51,0.4
11,52,0.8117647058823529
11,53,0.8117647058823529
11,54,0.0
11,55,0.8117647058823529
11,56,0.8117647058823529
11,57,0.0
11,58,0.4470588235294118
11,59,0.0
11,60,0.0
11,61,0.0
11,62,0.0
11,63,0.0
12,0,0.0
12,1,0.0
12,2,0.0
12,3,0.0
12,4,0.0
12,5,0.0
12,6,0.0
12,7,0.0
12,8,0.0
12,9,0.0
12,10,0.0
12,11,0.0
12,12,0.0
12,13,0.2784313725490196
12,14,1.0
12,15,1.0
12,16,1.0
12,17,1.0
12,18,1.0
12,19,1.0
12,20,1.0
12,21,1.0
12,22,1.0
12,23,1.0
12,24,0.14901960784313725
12,25,0.0
12,26,0.0
12,27,0.0
12,28,0.0
12,29,0.0
12,30,0.0
12,31,0.0
12,32,0.0
12,33,0.4
12,34,0.4
12,35,0.4
12,36,0.4
12,37,0.4
12,38,0.4
12,39,0.4
12,40,0.4
12,41,0.4
12,42,0.4
12,43,0.29411764705882354
12,44,0.4
12,45,0.4
12,46,0.4
12,47,0.4
12,48,0.4
12,49,0.4
12,50,0.4
12,51,0.0392156862745098
12,52,0.0
12,53,0.0
12,54,0.4470588235294118
12,55,0.4470588235294118
12,56,0.4470588235294118
12,57,0.4470588235294118
12,58,0.4470588235294118
12,59,0.0
12,60,0.0
12,61,0.0
12,62,0.0
12,63,0.0
13,0,0.0
13,1,0.0
13,2,0.0
13,3,0.0
13,4,0.0
13,5,0.0
13,6,0.0
13,7,0.0
13,8,0.0
13,9,0.0
13,10,0.0
13,11,0.0
13,12,0.0
13,13,1.0
13,14,1.0
13,15,1.0
13,16,1.0
13,17,1.0
13,18,1.0
13,19,1.0
13,20,1.0
13,21,1.0
13,22,1.0
13,23,1.0
13,24,1.0
13,25,0.996078431372549
13,26,0.0
13,27,0.0
13,28,0.0
13,29,0.0
13,30,0.0
13,31,0.4
13,32,0.4
13,33,0.4
13,34,0.4
13,35,0.4
13,36,0.4
13,37,0.4
13,38,0.4
13,39,0.4
13,40,0.4
13,41,0.4
13,42,0.4
13,43,0.396078431372549
13,44,0.4
13,45,0.4
13,46,0.4
13,47,0.4
13,48,0.39215686274509803
13,49,0.39215686274509803
13,50,0.0
13,51,0.4470588235294118
13,52,0.4470588235294118
13,53,0.8117647058823529
13,54,0.8117647058823529
13,55,0.8117647058823529
13,56,0.8117647058823529
13,57,0.8117647058823529
13,58,0.4470588235294118
13,59,0.0
13,60,0.0
13,61,0.0
13,62,0.0
13,63,0.0
14,0,0.0
14,1,0.0
14,2,0.0
14,3,0.0
14,4,0.0
14,5,0.0
14,6,0.0
14,7,0.0
14,8,0.0
14,9,0.0
14,10,0.0
14,11,0.0
14,12,0.996078431372549
14,13,1.0
14,14,1.0
14,15,1.0
14,16,1.0
14,17,1.0
14,18,1.0
14,19,1.0
14,20,1.0
14,21,1.0
14,22,1.0
14,23,1.0
14,24,1.0
14,25,1.0
14,26,1.0
14,27,0.0
14,28,0.0
14,29,0.4
14,30,0.4
14,31,0.4
14,32,0.4
14,33,0.4
14,34,0.4
14,35,0.4
14,36,0.4
14,37,0.4
14,38,0.4
14,39,0.4
14,40,0.4
14,41,0.4
14,42,0.4
14,43,0.4
14,44,0.4
14,45,0.12941176470588237
14,46,0.4
14,47,0.4
14,48,0.4
14,49,0.4
14,50,0.00392156862745098
14,51,0.4470588235294118
14,52,0.4470588235294118
14,53,0.8117647058823529
14,54,0.0
14,55,0.0
14,56,0.0
14,57,0.0
14,58,0.8117647058823529
14,59,0.0
14,60,0.0
14,61,0.0
14,62,0.0
14,63,0.0
15,0,0.0
15,1,0.0
15,2,0.0
15,3,0.0
15,4,0.0
15,5,0.0
15,6,0.0
15,7,0.0
15,8,0.0
15,9,0.0
15,10,0.0
15,11,0.0
15,12,0.9882352941176471
15,13,1.0
15,14,1.0
15,15,1.0
15,16,1.0
15,17,1.0
15,18,1.0
15,19,1.0
15,20,1.0
15,21,1.0
15,22,1.0
15,23,1.0
15,24,1.0
15,25,1.0
15,26,1.0
15,27,1.0
15,28,0.396078431372549
15,29,0.4
15,30,0.4
15,31,0.4
15,32,0.4
15,33,0.4
15,34,0.4
15,35,0.4
15,36,0.4
15,37,0.4
15,38,0.4
15,39,0.4
15,40,0.4
15,41,0.4
15,42,0.043137254901960784
15,43,0.4
15,44,0.4
15,45,0.4
15,46,0.4
15,47,0.4
15,48,0.4
15,49,0.4
15,50,0.0
15,51,0.4470588235294118
15,52,0.8117647058823529
15,53,0.0
15,54,0.4470588235294118
15,55,0.4470588235294118
15,56,0.4470588235294118
15,57,0.4470588235294118
15,58,0.4470588235294118
15,59,0.44313725490196076
15,60,0.0
15,61,0.0
15,62,0.0
15,63,0.0
16,0,0.0
16,1,0.0
16,2,0.0
16,3,0.0
16,4,0.0
16,5,0.0
16,6,0.0
16,7,0.0
16,8,0.0
16,9,0.5215686274509804
16,10,0.0
16,11,0.0
16,12,1.0
16,13,1.0
16,14,1.0
16,15,1.0
16,16,1.0
16,17,1.0
16,18,1.0
16,19,1.0
16,20,1.0
16,21,1.0
16,22,1.0
16,23,1.0
16,24,1.0
16,25,1.0
16,26,1.0
16,27,1.0
16,28,1.0
16,29,0.23529411764705882
16,30,0.4
16,31,0.4
16,32,0.4
16,33,0.4
16,34,0.4
16,35,0.4
16,36,0.4
16,37,0.4
16,38,0.4
16,39,0.11764705882352941
16,40,0.25098039215686274
16,41,0.6235294117647059
16,42,0.6274509803921569
16,43,0.6235294117647059
16,44,0.2549019607843137
16,45,0.4
16,46,0.4
16,47,0.4
16,48,0.4
16,49,0.4
16,50,0.3254901960784314
16,51,0.4470588235294118
16,52,0.8117647058823529
16,53,0.4470588235294118
16,54,0.4470588235294118
16,55,0.4470588235294118
16,56,0.4470588235294118
16,57,0.4470588235294118
16,58,0.8117647058823529
16,59,0.21176470588235294
16,60,0.0
16,61,0.0
16,62,0.0
16,63,0.0
17,0,0.0
17,1,0.0
17,2,0.0
17,3,0.0
17,4,0.0
17,5,0.0
17,6,0.0
17,7,0.0
17,8,0.0
17,9,0.0
17,10,0.0
17,11,0.0
17,12,1.0
17,13,1.0
17,14,1.0
17,15,1.0
17,16,1.0
17,17,1.0
17,18,1.0
17,19,1.0
17,20,1.0
17,21,1.0
17,22,1.0
17,23,1.0
17,24,1.0
17,25,1.0
17,26,1.0
17,27,1.0
17,28,1.0
17,29,1.0
17,30,0.9058823529411765
17,31,0.9254901960784314
17,32,0.0
17,33,0.0
17,34,0.0
17,35,0.0
17,36,0.0
17,37,0.0
17,38,0.0
17,39,0.0
17,40,0.0
17,41,0.0
17,42,0.0
17,43,0.00392156862745098
17,44,0.0
17,45,0.4
17,46,0.4
17,47,0.4
17,48,0.4
17,49,0.4
17,50,0.396078431372549
17,51,0.4470588235294118
17,52,0.4470588235294118
17,53,0.8117647058823529
17,54,0.4470588235294118
17,55,0.4470588235294118
17,56,0.8117647058823529
17,57,0.8117647058823529
17,58,0.8117647058823529
17,59,0.4470588235294118
17,60,0.0
17,61,0.0
17,62,0.0
17,63,0.0
18,0,0.0
18,1,0.0
18,2,0.0
18,3,0.0
18,4,0.0
18,5,0.0
18,6,0.0
18,7,0.0
18,8,0.0
18,9,0.0
18,10,0.0
18,11,0.0
18,12,1.0
18,13,1.0
18,14,1.0
18,15,1.0
18,16,1.0
18,17,1.0
18,18,1.0
18,19,1.0
18,20,1.0
18,21,1.0
18,22,1.0
18,23,1.0
18,24,1.0
18,25,1.0
18,26,1.0
18,27,1.0
18,28,1.0
18,29,0.7647058823529411
18,30,0.5450980392156862
18,31,0.5450980392156862
18,32,0.4
18,33,0.396078431372549
18,34,0.39215686274509803
18,35,0.4
18,36,0.4
18,37,0.4
18,38,0.4
18,39,0.4
18,40,0.0
18,41,0.3568627450980392
18,42,0.3607843137254902
18,43,0.3568627450980392
18,44,0.4
18,45,0.4
18,46,0.4
18,47,0.4
18,48,0.4
18,49,0.4
18,50,0.39215686274509803
18,51,0.4470588235294118
18,52,0.4470588235294118
18,53,0.00392156862745098
18,54,0.8117647058823529
18,55,0.8117647058823529
18,56,0.8117647058823529
18,57,0.8117647058823529
18,58,0.0
18,59,0.4470588235294118
18,60,0.0
18,61,0.0
18,62,0.0
18,63,0.0
19,0,0.0
19,1,0.0
19,2,0.0
19,3,0.0
19,4,0.0
19,5,0.0
19,6,0.0
19,7,0.0
19,8,0.0
19,9,0.0
19,10,0.0
19,11,0.0
19,12,0.9058823529411765
19,13,1.0
19,14,1.0
19,15,1.0
19,16,1.0
19,17,1.0
19,18,1.0
19,19,1.0
19,20,1.0
19,21,1.0
19,22,1.0
19,23,1.0
19,24,1.0
19,25,1.0
19,26,1.0
19,27,0.8901960784313725
19,28,0.5725490196078431
19,29,0.5450980392156862
19,30,0.5450980392156862
19,31,0.3764705882352941
19,32,0.4
19,33,0.4
19,34,0.4
19,35,0.4
19,36,0.4
19,37,0.4
19,38,0.4
19,39,0.4
19,40,0.4
19,41,0.4
19,42,0.4
19,43,0.4
19,44,0.4
19,45,0.4
19,46,0.4
19,47,0.4
19,48,0.4
19,49,0.4
19,50,0.4
19,51,0.4470588235294118
19,52,0.4470588235294118
19,53,0.4470588235294118
19,54,0.0
19,55,0.0
19,56,0.0
19,57,0.0
19,58,0.4470588235294118
19,59,0.7490196078431373
19,60,0.0
19,61,0.0
19,62,0.0
19,63,0.0
20,0,0.0
20,1,0.0
20,2,0.0
20,3,0.0
20,4,0.0
20,5,0.0
20,6,0.0
20,7,0.0
20,8,0.0
20,9,0.0
20,10,0.0
20,11,0.0
20,12,0.8862745098039215
20,13,0.996078431372549
20,14,1.0
20,15,1.0
20,16,1.0
20,17,1.0
20,18,1.0
20,19,1.0
20,20,1.0
20,21,1.0
20,22,1.0
20,23,1.0
20,24,1.0
20,25,1.0
20,26,0.8901960784313725
20,27,0.596078431372549
20,28,0.592156862745098
20,29,0.5490196078431373
20,30,0.5450980392156862
20,31,0.5450980392156862
20,32,0.4
20,33,0.4
20,34,0.4
20,35,0.4
20,36,0.4
20,37,0.4
20,38,0.4
20,39,0.4
20,40,0.4
20,41,0.4
20,42,0.4
20,43,0.4
20,44,0.4
20,45,0.4
20,46,0.4
20,47,0.4
20,48,0.4
20,49,0.4
20,50,0.4
20,51,0.4470588235294118
20,52,0.4470588235294118
20,53,0.5411764705882353
20,54,0.4470588235294118
20,55,0.8117647058823529
20,56,0.8117647058823529
20,57,0.8117647058823529
20,58,0.8117647058823529
20,59,0.8117647058823529
20,60,0.0
20,61,0.0
20,62,0.0
20,63,0.0
21,0,0.0
21,1,0.0
21,2,0.0
21,3,0.0
21,4,0.0
21,5,0.0
21,6,0.0
21,7,0.0
21,8,0.0
21,9,0.0
21,10,0.0
21,11,0.0
21,12,0.0
21,13,0.8901960784313725
21,14,0.996078431372549
21,15,1.0
21,16,1.0
21,17,1.0
21,18,1.0
21,19,1.0
21,20,1.0
21,21,1.0
21,22,1.0
21,23,1.0
21,24,0.996078431372549
21,25,0.8862745098039215
21,26,0.592156862745098
21,27,0.596078431372549
21,28,0.596078431372549
21,29,0.596078431372549
21,30,0.5450980392156862
21,31,0.5450980392156862
21,32,0.4
21,33,0.4
21,34,0.4
21,35,0.4
21,36,0.4
21,37,0.4
21,38,0.4
21,39,0.4
21,40,0.4
21,41,0.4
21,42,0.4
21,43,0.4
21,44,0.4
21,45,0.38823529411764707
21,46,0.4
21,47,0.4
21,48,0.4
21,49,0.4
21,50,0.0
21,51,0.4470588235294118
21,52,0.4470588235294118
21,53,0.8117647058823529
21,54,0.8117647058823529
21,55,0.8117647058823529
21,56,0.8117647058823529
21,57,0.8117647058823529
21,58,0.8117647058823529
21,59,0.8117647058823529
21,60,0.4588235294117647
21,61,0.0
21,62,0.0
21,63,0.0
22,0,0.0
22,1,0.0
22,2,0.0
22,3,0.0
22,4,0.0
22,5,0.0
22,6,0.0
22,7,0.0
22,8,0.0
22,9,0.984313725490196
22,10,1.0
22,11,0.44313725490196076
22,12,0.0
22,13,0.7019607843137254
22,14,0.8901960784313725
22,15,0.8862745098039215
22,16,1.0
22,17,1.0
22,18,1.0
22,19,1.0
22,20,1.0
22,21,1.0
22,22,1.0
22,23,0.8901960784313725
22,24,0.6588235294117647
22,25,0.5215686274509804
22,26,0.5215686274509804
22,27,0.592156862745098
22,28,0.596078431372549
22,29,0.596078431372549
22,30,0.5450980392156862
22,31,0.5450980392156862
22,32,0.4
22,33,0.4
22,34,0.4
22,35,0.4
22,36,0.4
22,37,0.4
22,38,0.4
22,39,0.4
22,40,0.4
22,41,0.4
22,42,0.4
22,43,0.4
22,44,0.4
22,45,0.19607843137254902
22,46,0.38823529411764707
22,47,0.4470588235294118
22,48,0.4470588235294118
22,49,0.4470588235294118
22,50,0.4470588235294118
22,51,0.4470588235294118
22,52,0.4470588235294118
22,53,0.8117647058823529
22,54,0.0
22,55,0.0
22,56,0.0
22,57,0.00784313725490196
22,58,0.4470588235294118
22,59,0.4470588235294118
22,60,0.4470588235294118
22,61,0.0
22,62,0.0
22,63,0.0
23,0,0.0
23,1,0.0
23,2,0.0
23,3,0.0
23,4,0.0
23,5,0.0
23,6,0.0
23,7,0.0
23,8,0.0
23,9,0.0
23,10,0.0
23,11,0.0
23,12,0.0
23,13,0.0
23,14,0.023529411764705882
23,15,0.8901960784313725
23,16,0.8901960784313725
23,17,0.8901960784313725
23,18,0.8901960784313725
23,19,0.8901960784313725
23,20,0.8901960784313725
23,21,0.8901960784313725
23,22,0.8901960784313725
23,23,0.0
23,24,0.5215686274509804
23,25,0.5215686274509804
23,26,0.5215686274509804
23,27,0.5215686274509804
23,28,0.596078431372549
23,29,0.596078431372549
23,30,0.5450980392156862
23,31,0.5450980392156862
23,32,0.4
23,33,0.396078431372549
23,34,0.4235294117647059
23,35,0.4
23,36,0.4
23,37,0.4
23,38,0.4
23,39,0.4
23,40,0.4
23,41,0.4
23,42,0.396078431372549
23,43,0.0
23,44,0.44313725490196076
23,45,0.44313725490196076
23,46,0.4470588235294118
23,47,0.4470588235294118
23,48,0.4470588235294118
23,49,0.4470588235294118
23,50,0.4470588235294118
23,51,0.4470588235294118
23,52,0.4470588235294118
23,53,0.5098039215686274
23,54,0.4470588235294118
23,55,0.4470588235294118
23,56,0.8117647058823529
23,57,0.8117647058823529
23,58,0.8117647058823529
23,59,0.8117647058823529
23,60,0.4470588235294118
23,61,0.0
23,62,0.0
23,63,0.0
24,0,0.0
24,1,0.0
24,2,0.0
24,3,0.0
24,4,0.0
24,5,0.0
24,6,0.0
24,7,0.0
24,8,0.0
24,9,0.0
24,10,0.0
24,11,0.0
24,12,0.3058823529411765
24,13,0.4
24,14,0.4
24,15,0.4
24,16,0.0
24,17,0.8901960784313725
24,18,0.8901960784313725
24,19,0.8901960784313725
24,20,0.8823529411764706
24,21,0.23921568627450981
24,22,0.5215686274509804
24,23,0.5215686274509804
24,24,0.5215686274509804
24,25,0.5215686274509804
24,26,0.5215686274509804
24,27,0.5215686274509804
24,28,0.596078431372549
24,29,0.5686274509803921
24,30,0.3803921568627451
24,31,0.5647058823529412
24,32,0.4470588235294118
24,33,0.4470588235294118
24,34,0.4470588235294118
24,35,0.4470588235294118
24,36,0.0
24,37,0.4
24,38,0.4
24,39,0.4
24,40,0.396078431372549
24,41,0.42745098039215684
24,42,0.4470588235294118
24,43,0.4470588235294118
24,44,0.4470588235294118
24,45,0.4470588235294118
24,46,0.4470588235294118
24,47,0.4117647058823529
24,48,0.44313725490196076
24,49,0.00392156862745098
24,50,0.00392156862745098
24,51,0.4470588235294118
24,52,0.4470588235294118
24,53,0.4470588235294118
24,54,0.8117647058823529
24,55,0.8117647058823529
24,56,0.0
24,57,0.0
24,58,0.8117647058823529
24,59,0.8117647058823529
24,60,0.4470588235294118
24,61,0.0
24,62,0.0
24,63,0.0
25,0,0.0
25,1,0.0
25,2,0.0
25,3,0.0
25,4,0.0
25,5,0.0
25,6,0.0
25,7,0.0
25,8,0.0
25,9,0.0
25,10,0.0
25,11,0.396078431372549
25,12,0.4
25,13,0.4
25,14,0.4
25,15,0.4
25,16,0.6078431372549019
25,17,0.611764705882353
25,18,0.611764705882353
25,19,0.6078431372549019
25,20,0.611764705882353
25,21,0.611764705882353
25,22,0.5215686274509804
25,23,0.5215686274509804
25,24,0.5215686274509804
25,25,0.5215686274509804
25,26,0.5176470588235295
25,27,0.4549019607843137
25,28,0.6
25,29,0.596078431372549
25,30,0.5647058823529412
25,31,0.5647058823529412
25,32,0.4470588235294118
25,33,0.4470588235294118
25,34,0.4470588235294118
25,35,0.4470588235294118
25,36,0.4470588235294118
25,37,0.4
25,38,0.4
25,39,0.4
25,40,0.44313725490196076
25,41,0.4470588235294118
25,42,0.4470588235294118
25,43,0.4470588235294118
25,44,0.4470588235294118
25,45,0.44313725490196076
25,46,0.0
25,47,0.4588235294117647
25,48,0.42745098039215684
25,49,0.396078431372549
25,50,0.4
25,51,0.00392156862745098
25,52,0.027450980392156862
25,53,0.4470588235294118
25,54,0.4470588235294118
25,55,0.0
25,56,0.0
25,57,0.4470588235294118
25,58,0.4470588235294118
25,59,0.4470588235294118
25,60,0.0
25,61,0.0
25,62,0.0
25,63,0.0
26,0,0.0
26,1,0.0
26,2,0.0
26,3,0.0
26,4,0.0
26,5,0.0
26,6,0.0
26,7,0.0
26,8,0.0
26,9,0.0
26,10,0.4
26,11,0.4
26,12,0.4
26,13,0.4
26,14,0.4
26,15,0.4
26,16,0.49019607843137253
26,17,0.6078431372549019
26,18,0.611764705882353
26,19,0.611764705882353
26,20,0.611764705882353
26,21,0.611764705882353
26,22,0.5215686274509804
26,23,0.5215686274509804
26,24,0.5215686274509804
26,25,0.4627450980392157
26,26,0.5333333333333333
26,27,0.5333333333333333
26,28,0.6
26,29,0.6
26,30,0.5647058823529412
26,31,0.44313725490196076
26,32,0.4470588235294118
26,33,0.4470588235294118
26,34,0.4470588235294118
26,35,0.4470588235294118
26,36,0.01568627450980392
26,37,0.4
26,38,0.4
26,39,0.4
26,40,0.0
26,41,0.4470588235294118
26,42,0.4470588235294118
26,43,0.4470588235294118
26,44,0.0
26,45,0.4
26,46,0.09019607843137255
26,47,0.0
26,48,0.0
26,49,0.41568627450980394
26,50,0.0
26,51,0.4
26,52,0.0
26,53,0.44313725490196076
26,54,0.27450980392156865
26,55,0.2549019607843137
26,56,0.4470588235294118
26,57,0.4470588235294118
26,58,0.4470588235294118
26,59,0.4470588235294118
26,60,0.4470588235294118
26,61,0.0
26,62,0.0
26,63,0.0
27,0,0.0
27,1,0.0
27,2,0.0
27,3,0.0
27,4,0.0
27,5,0.0
27,6,0.0
27,7,0.0
27,8,0.0
27,9,0.4
27,10,0.4
27,11,0.4
27,12,0.4
27,13,0.4
27,14,0.4
27,15,0.00392156862745098
27,16,0.4
27,17,0.611764705882353
27,18,0.611764705882353
27,19,0.611764705882353
27,20,0.611764705882353
27,21,0.611764705882353
27,22,0.5215686274509804
27,23,0.5215686274509804
27,24,0.4588235294117647
27,25,0.5333333333333333
27,26,0.5333333333333333
27,27,0.5333333333333333
27,28,0.6
27,29,0.6
27,30,0.5647058823529412
27,31,0.4470588235294118
27,32,0.4470588235294118
27,33,0.4470588235294118
27,34,0.4470588235294118
27,35,0.4470588235294118
27,36,0.4
27,37,0.4
27,38,0.4
27,39,0.32941176470588235
27,40,0.4470588235294118
27,41,0.44313725490196076
27,42,0.0
27,43,0.4392156862745098
27,44,0.0
27,45,0.4
27,46,0.027450980392156862
27,47,0.41568627450980394
27,48,0.0
27,49,0.40784313725490196
27,50,0.4117647058823529
27,51,0.4
27,52,0.0
27,53,0.4470588235294118
27,54,0.8117647058823529
27,55,0.8117647058823529
27,56,0.8117647058823529
27,57,0.8117647058823529
27,58,0.8117647058823529
27,59,0.8117647058823529
27,60,0.0
27,61,0.0
27,62,0.0
27,63,0.0
28,0,0.0
28,1,0.0
28,2,0.0
28,3,0.0
28,4,0.0
28,5,0.0
28,6,0.0
28,7,0.1803921568627451
28,8,0.4
28,9,0.4
28,10,0.4
28,11,0.4
28,12,0.4
28,13,0.4
28,14,0.00784313725490196
28,15,0.4
28,16,0.4
28,17,0.611764705882353
28,18,0.611764705882353
28,19,0.611764705882353
28,20,0.611764705882353
28,21,0.611764705882353
28,22,0.5215686274509804
28,23,0.5215686274509804
28,24,0.5333333333333333
28,25,0.5333333333333333
28,26,0.5333333333333333
28,27,0.6
28,28,0.6
28,29,0.6
28,30,0.5647058823529412
28,31,0.4470588235294118
28,32,0.4470588235294118
28,33,0.4470588235294118
28,34,0.4470588235294118
28,35,0.0
28,36,0.4
28,37,0.4
28,38,0.4
28,39,0.0
28,40,0.0
28,41,0.396078431372549
28,42,0.00392156862745098
28,43,0.39215686274509803
28,44,0.4
28,45,0.4
28,46,0.4117647058823529
28,47,0.4196078431372549
28,48,0.4196078431372549
28,49,0.0
28,50,0.4
28,51,0.4
28,52,0.4470588235294118
28,53,0.4470588235294118
28,54,0.0
28,55,0.0
28,56,0.0
28,57,0.0
28,58,0.0
28,59,0.0
28,60,0.0
28,61,0.0
28,62,0.0
28,63,0.0
29,0,0.0
29,1,0.0
29,2,0.0
29,3,0.0
29,4,0.0
29,5,0.0
29,6,0.0
29,7,0.4
29,8,0.4
29,9,0.4
29,10,0.4
29,11,0.4
29,12,0.4
29,13,0.4
29,14,0.38823529411764707
29,15,0.4
29,16,0.4
29,17,0.611764705882353
29,18,0.611764705882353
29,19,0.611764705882353
29,20,0.611764705882353
29,21,0.6078431372549019
29,22,0.5215686274509804
29,23,0.4588235294117647
29,24,0.5333333333333333
29,25,0.5333333333333333
29,26,0.5333333333333333
29,27,0.6
29,28,0.6
29,29,0.6
29,30,0.5607843137254902
29,31,0.4470588235294118
29,32,0.4470588235294118
29,33,0.4470588235294118
29,34,0.4470588235294118
29,35,0.396078431372549
29,36,0.4
29,37,0.23529411764705882
29,38,0.39215686274509803
29,39,0.4
29,40,0.4
29,41,0.4
29,42,0.4
29,43,0.4
29,44,0.4
29,45,0.396078431372549
29,46,0.0
29,47,0.41568627450980394
29,48,0.4
29,49,0.4
29,50,0.4
29,51,0.0
29,52,0.4470588235294118
29,53,0.10980392156862745
29,54,0.39215686274509803
29,55,0.4470588235294118
29,56,0.8117647058823529
29,57,0.8117647058823529
29,58,0.4470588235294118
29,59,0.4470588235294118
29,60,0.0
29,61,0.0
29,62,0.0
29,63,0.0
30,0,0.0
30,1,0.0
30,2,0.0
30,3,0.0
30,4,0.0
30,5,0.0
30,6,0.4
30,7,0.4
30,8,0.4
30,9,0.4
30,10,0.19607843137254902
30,11,0.4
30,12,0.4
30,13,0.4
30,14,0.4
30,15,0.4
30,16,0.4
30,17,0.611764705882353
30,18,0.611764705882353
30,19,0.611764705882353
30,20,0.611764705882353
30,21,0.5176470588235295
30,22,0.5215686274509804
30,23,0.5294117647058824
30,24,0.5333333333333333
30,25,0.5333333333333333
30,26,0.6
30,27,0.6
30,28,0.6
30,29,0.6
30,30,0.00392156862745098
30,31,0.4470588235294118
30,32,0.4470588235294118
30,33,0.19215686274509805
30,34,0.4470588235294118
30,35,0.396078431372549
30,36,0.396078431372549
30,37,0.0
30,38,0.0
30,39,0.0
30,40,0.3607843137254902
30,41,0.0
30,42,0.0
30,43,0.4
30,44,0.4
30,45,0.0
30,46,0.4235294117647059
30,47,0.45098039215686275
30,48,0.4470588235294118
30,49,0.396078431372549
30,50,0.4
30,51,0.4
30,52,0.4
30,53,0.4
30,54,0.8117647058823529
30,55,0.4470588235294118
30,56,0.36470588235294116
30,57,0.4470588235294118
30,58,0.4470588235294118
30,59,0.8117647058823529
30,60,0.0
30,61,0.0
30,62,0.0
30,63,0.0
31,0,0.0
31,1,0.0
31,2,0.0
31,3,0.0
31,4,0.0
31,5,0.4
31,6,0.4
31,7,0.4
31,8,0.3764705882352941
31,9,0.4
31,10,0.4
31,11,0.4
31,12,0.4
31,13,0.4
31,14,0.4
31,15,0.4
31,16,0.4
31,17,0.611764705882353
31,18,0.611764705882353
31,19,0.611764705882353
31,20,0.611764705882353
31,21,0.5215686274509804
31,22,0.4588235294117647
31,23,0.5333333333333333
31,24,0.5333333333333333
31,25,0.5333333333333333
31,26,0.6
31,27,0.6
31,28,0.6
31,29,0.596078431372549
31,30,0.4627450980392157
31,31,0.4470588235294118
31,32,0.4470588235294118
31,33,0.4470588235294118
31,34,0.4470588235294118
31,35,0.4470588235294118
31,36,0.4470588235294118
31,37,0.4470588235294118
31,38,0.4470588235294118
31,39,0.4470588235294118
31,40,0.4470588235294118
31,41,0.4470588235294118
31,42,0.4470588235294118
31,43,0.4470588235294118
31,44,0.4470588235294118
31,45,0.4470588235294118
31,46,0.44313725490196076
31,47,0.4470588235294118
31,48,0.4470588235294118
31,49,0.0
31,50,0.4
31,51,0.4
31,52,0.4
31,53,0.4
31,54,0.0
31,55,0.0
31,56,0.4470588235294118
31,57,0.4470588235294118
31,58,0.4470588235294118
31,59,0.0
31,60,0.0
31,61,0.0
31,62,0.0
31,63,0.0
32,0,0.0
32,1,0.0
32,2,0.0
32,3,0.0
32,4,0.0
32,5,0.4
32,6,0.4
32,7,0.4
32,8,0.4
32,9,0.4
32,10,0.4
32,11,0.4
32,12,0.4
32,13,0.4
32,14,0.4
32,15,0.4
32,16,0.396078431372549
32,17,0.611764705882353
32,18,0.611764705882353
32,19,0.611764705882353
32,20,0.611764705882353
32,21,0.5215686274509804
32,22,0.5333333333333333
32,23,0.5333333333333333
32,24,0.5333333333333333
32,25,0.6
32,26,0.5882352941176471
32,27,0.6
32,28,0.6
32,29,0.596078431372549
32,30,0.4470588235294118
32,31,0.4470588235294118
32,32,0.4470588235294118
32,33,0.4470588235294118
32,34,0.4470588235294118
32,35,0.4470588235294118
32,36,0.4470588235294118
32,37,0.4470588235294118
32,38,0.4470588235294118
32,39,0.4470588235294118
32,40,0.4470588235294118
32,41,0.4470588235294118
32,42,0.4470588235294118
32,43,0.4470588235294118
32,44,0.4470588235294118
32,45,0.4470588235294118
32,46,0.4470588235294118
32,47,0.44313725490196076
32,48,0.4
32,49,0.4
32,50,0.4
32,51,0.4
32,52,0.4
32,53,0.4
32,54,0.396078431372549
32,55,0.4470588235294118
32,56,0.4470588235294118
32,57,0.4470588235294118
32,58,0.8117647058823529
32,59,0.4470588235294118
32,60,0.0
32,61,0.0
32,62,0.0
32,63,0.0
33,0,0.0
33,1,0.0
33,2,0.0
33,3,0.0
33,4,0.0
33,5,0.0
33,6,0.4
33,7,0.4
33,8,0.4
33,9,0.4
33,10,0.4
33,11,0.4
33,12,0.4
33,13,0.4
33,14,0.4
33,15,0.4
33,16,0.5215686274509804
33,17,0.611764705882353
33,18,0.611764705882353
33,19,0.611764705882353
33,20,0.5176470588235295
33,21,0.4666666666666667
33,22,0.5333333333333333
33,23,0.4588235294117647
33,24,0.5333333333333333
33,25,0.6
33,26,0.6
33,27,0.6
33,28,0.6
33,29,0.44313725490196076
33,30,0.4470588235294118
33,31,0.4470588235294118
33,32,0.4470588235294118
33,33,0.4470588235294118
33,34,0.4470588235294118
33,35,0.4470588235294118
33,36,0.4470588235294118
33,37,0.4470588235294118
33,38,0.4470588235294118
33,39,0.4470588235294118
33,40,0.4470588235294118
33,41,0.4470588235294118
33,42,0.4470588235294118
33,43,0.4470588235294118
33,44,0.4470588235294118
33,45,0.4470588235294118
33,46,0.4470588235294118
33,47,0.396078431372549
33,48,0.4
33,49,0.4
33,50,0.4
33,51,0.4
33,52,0.4
33,53,0.4
33,54,0.4
33,55,0.8117647058823529
33,56,0.4470588235294118
33,57,0.4470588235294118
33,58,0.0
33,59,0.4470588235294118
33,60,0.0
33,61,0.0
33,62,0.0
33,63,0.0
34,0,0.0
34,1,0.0
34,2,0.0
34,3,0.0
34,4,0.0
34,5,0.0
34,6,0.0
34,7,0.4
34,8,0.4
34,9,0.4
34,10,0.4
34,11,0.4
34,12,0.4
34,13,0.4
34,14,0.4
34,15,0.4
34,16,0.5215686274509804
34,17,0.611764705882353
34,18,0.611764705882353
34,19,0.611764705882353
34,20,0.4588235294117647
34,21,0.5098039215686274
34,22,0.5333333333333333
34,23,0.5333333333333333
34,24,0.6
34,25,0.6
34,26,0.6
34,27,0.6
34,28,0.6
34,29,0.4470588235294118
34,30,0.4470588235294118
34,31,0.4470588235294118
34,32,0.4470588235294118
34,33,0.4470588235294118
34,34,0.4470588235294118
34,35,0.4470588235294118
34,36,0.4470588235294118
34,37,0.4470588235294118
34,38,0.4470588235294118
34,39,0.4470588235294118
34,40,0.4470588235294118
34,41,0.4470588235294118
34,42,0.4470588235294118
34,43,0.4470588235294118
34,44,0.4470588235294118
34,45,0.4470588235294118
34,46,0.4470588235294118
34,47,0.0
34,48,0.4
34,49,0.4
34,50,0.4
34,51,0.4
34,52,0.4
34,53,0.4
34,54,0.8117647058823529
34,55,0.8117647058823529
34,56,0.8117647058823529
34,57,0.4470588235294118
34,58,0.4470588235294118
34,59,0.4470588235294118
34,60,0.4470588235294118
34,61,0.0
34,62,0.0
34,63,0.0
35,0,0.0
35,1,0.0
35,2,0.0
35,3,0.0
35,4,0.0
35,5,0.0
35,6,0.0
35,7,0.0
35,8,0.4
35,9,0.4
35,10,0.4
35,11,0.4
35,12,0.4
35,13,0.4
35,14,0.4
35,15,0.38823529411764707
35,16,0.5215686274509804
35,17,0.5843137254901961
35,18,0.611764705882353
35,19,0.5254901960784314
35,20,0.5215686274509804
35,21,0.5333333333333333
35,22,0.5333333333333333
35,23,0.5333333333333333
35,24,0.6
35,25,0.6
35,26,0.6
35,27,0.6
35,28,0.5294117647058824
35,29,0.4470588235294118
35,30,0.4470588235294118
35,31,0.4470588235294118
35,32,0.4470588235294118
35,33,0.4470588235294118
35,34,0.4470588235294118
35,35,0.4470588235294118
35,36,0.4470588235294118
35,37,0.4470588235294118
35,38,0.4470588235294118
35,39,0.4470588235294118
35,40,0.4470588235294118
35,41,0.4470588235294118
35,42,0.4470588235294118
35,43,0.4470588235294118
35,44,0.4470588235294118
35,45,0.4470588235294118
35,46,0.4470588235294118
35,47,0.0
35,48,0.4
35,49,0.4
35,50,0.4
35,51,0.4
35,52,0.4
35,53,0.4
35,54,0.0
35,55,0.058823529411764705
35,56,0.8117647058823529
35,57,0.8117647058823529
35,58,0.8117647058823529
35,59,0.4470588235294118
35,60,0.4470588235294118
35,61,0.0
35,62,0.0
35,63,0.0
36,0,0.0
36,1,0.0
36,2,0.0
36,3,0.0
36,4,0.0
36,5,0.0
36,6,0.0
36,7,0.0
36,8,0.0
36,9,0.4
36,10,0.4
36,11,0.4
36,12,0.4
36,13,0.4
36,14,0.19607843137254902
36,15,0.4627450980392157
36,16,0.6078431372549019
36,17,0.611764705882353
36,18,0.611764705882353
36,19,0.5215686274509804
36,20,0.5176470588235295
36,21,0.5333333333333333
36,22,0.5333333333333333
36,23,0.6
36,24,0.6
36,25,0.6
36,26,0.6
36,27,0.6
36,28,0.4470588235294118
36,29,0.4470588235294118
36,30,0.4470588235294118
36,31,0.4470588235294118
36,32,0.4470588235294118
36,33,0.4470588235294118
36,34,0.4470588235294118
36,35,0.4470588235294118
36,36,0.4470588235294118
36,37,0.4470588235294118
36,38,0.4470588235294118
36,39,0.4470588235294118
36,40,0.4470588235294118
36,41,0.4470588235294118
36,42,0.4470588235294118
36,43,0.4470588235294118
36,44,0.4470588235294118
36,45,0.0
36,46,0.4
36,47,0.4
36,48,0.4
36,49,0.4
36,50,0.4
36,51,0.4
36,52,0.4
36,53,0.0
36,54,0.4470588235294118
36,55,0.4470588235294118
36,56,0.4470588235294118
36,57,0.0
36,58,0.8117647058823529
36,59,0.8117647058823529
36,60,0.0
36,61,0.0
36,62,0.0
36,63,0.0
37,0,0.0
37,1,0.0
37,2,0.0
37,3,0.0
37,4,0.0
37,5,0.0
37,6,0.0
37,7,0.0
37,8,0.0
37,9,0.0
37,10,0.4
37,11,0.396078431372549
37,12,0.396078431372549
37,13,0.4
37,14,0.4
37,15,0.47058823529411764
37,16,0.611764705882353
37,17,0.611764705882353
37,18,0.5843137254901961
37,19,0.5333333333333333
37,20,0.5333333333333333
37,21,0.5333333333333333
37,22,0.5333333333333333
37,23,0.6
37,24,0.6
37,25,0.6
37,26,0.6
37,27,0.49411764705882355
37,28,0.4470588235294118
37,29,0.4470588235294118
37,30,0.4470588235294118
37,31,0.4470588235294118
37,32,0.4470588235294118
37,33,0.4470588235294118
37,34,0.4470588235294118
37,35,0.4470588235294118
37,36,0.4470588235294118
37,37,0.4470588235294118
37,38,0.4470588235294118
37,39,0.4470588235294118
37,40,0.4470588235294118
37,41,0.4470588235294118
37,42,0.4470588235294118
37,43,0.0
37,44,0.4
37,45,0.4
37,46,0.4
37,47,0.4
37,48,0.4
37,49,0.4
37,50,0.4
37,51,0.4
37,52,0.4
37,53,0.0
37,54,0.4470588235294118
37,55,0.4470588235294118
37,56,0.4470588235294118
37,57,0.4470588235294118
37,58,0.4470588235294118
37,59,0.0
37,60,0.0
37,61,0.0
37,62,0.0
37,63,0.0
38,0,0.0
38,1,0.0
38,2,0.0
38,3,0.0
38,4,0.0
38,5,0.0
38,6,0.0
38,7,0.0
38,8,0.0
38,9,0.0
38,10,0.0
38,11,0.4
38,12,0.4
38,13,0.4
38,14,0.5215686274509804
38,15,0.6078431372549019
38,16,0.611764705882353
38,17,0.611764705882353
38,18,0.5254901960784314
38,19,0.5333333333333333
38,20,0.5333333333333333
38,21,0.5333333333333333
38,22,0.6
38,23,0.6
38,24,0.6
38,25,0.6
38,26,0.6
38,27,0.4470588235294118
38,28,0.4470588235294118
38,29,0.4470588235294118
38,30,0.4470588235294118
38,31,0.4470588235294118
38,32,0.4470588235294118
38,33,0.4470588235294118
38,34,0.4470588235294118
38,35,0.4470588235294118
38,36,0.4470588235294118
38,37,0.4470588235294118
38,38,0.4470588235294118
38,39,0.4470588235294118
38,40,0.0
38,41,0.396078431372549
38,42,0.4
38,43,0.4
38,44,0.4
38,45,0.4
38,46,0.4
38,47,0.4
38,48,0.4
38,49,0.4
38,50,0.4
38,51,0.4
38,52,0.4
38,53,0.0
38,54,0.8117647058823529
38,55,0.8117647058823529
38,56,0.8117647058823529
38,57,0.8117647058823529
38,58,0.4470588235294118
38,59,0.4470588235294118
38,60,0.4470588235294118
38,61,0.0
38,62,0.0
38,63,0.0
39,0,0.0
39,1,0.0
39,2,0.0
39,3,0.0
39,4,0.0
39,5,0.0
39,6,0.0
39,7,0.0
39,8,0.0
39,9,0.0
39,10,0.0
39,11,0.0
39,12,0.396078431372549
39,13,0.4196078431372549
39,14,0.611764705882353
39,15,0.6078431372549019
39,16,0.6078431372549019
39,17,0.611764705882353
39,18,0.5333333333333333
39,19,0.5333333333333333
39,20,0.5333333333333333
39,21,0.5294117647058824
39,22,0.6
39,23,0.6
39,24,0.6
39,25,0.6
39,26,0.4627450980392157
39,27,0.4470588235294118
39,28,0.4470588235294118
39,29,0.4470588235294118
39,30,0.4470588235294118
39,31,0.4470588235294118
39,32,0.4470588235294118
39,33,0.4470588235294118
39,34,0.4470588235294118
39,35,0.4470588235294118
39,36,0.44313725490196076
39,37,0.4549019607843137
39,38,0.16862745098039217
39,39,0.0
39,40,0.027450980392156862
39,41,0.1607843137254902
39,42,0.2980392156862745
39,43,0.3411764705882353
39,44,0.0
39,45,0.0
39,46,0.10980392156862745
39,47,0.00392156862745098
39,48,0.0
39,49,0.027450980392156862
39,50,0.1568627450980392
39,51,0.34509803921568627
39,52,0.4
39,53,0.8117647058823529
39,54,0.8117647058823529
39,55,0.8117647058823529
39,56,0.8117647058823529
39,57,0.8117647058823529
39,58,0.8117647058823529
39,59,0.8117647058823529
39,60,0.4470588235294118
39,61,0.0
39,62,0.0
39,63,0.0
40,0,0.0
40,1,0.0
40,2,0.0
40,3,0.0
40,4,0.0
40,5,0.0
40,6,0.0
40,7,0.0
40,8,0.0
40,9,0.0
40,10,0.0
40,11,0.0
40,12,0.0
40,13,0.0
40,14,0.611764705882353
40,15,0.611764705882353
40,16,0.5843137254901961
40,17,0.611764705882353
40,18,0.5333333333333333
40,19,0.5333333333333333
40,20,0.5333333333333333
40,21,0.6
40,22,0.6
40,23,0.6
40,24,0.596078431372549
40,25,0.396078431372549
40,26,0.19215686274509805
40,27,0.44313725490196076
40,28,0.4470588235294118
40,29,0.4470588235294118
40,30,0.44313725490196076
40,31,0.0
40,32,0.1607843137254902
40,33,0.0
40,34,0.4470588235294118
40,35,0.4470588235294118
40,36,0.4470588235294118
40,37,0.4470588235294118
40,38,0.4470588235294118
40,39,0.0
40,40,0.4
40,41,0.4
40,42,0.4
40,43,0.45098039215686275
40,44,0.0
40,45,0.4
40,46,0.4
40,47,0.4
40,48,0.4
40,49,0.4
40,50,0.4
40,51,0.4
40,52,0.4
40,53,0.4
40,54,0.4470588235294118
40,55,0.4470588235294118
40,56,0.3411764705882353
40,57,0.0
40,58,0.0
40,59,0.0
40,60,0.4470588235294118
40,61,0.0
40,62,0.0
40,63,0.0
41,0,0.0
41,1,0.0
41,2,0.0
41,3,0.0
41,4,0.0
41,5,0.0
41,6,0.0
41,7,0.0
41,8,0.0
41,9,0.0
41,10,0.0
41,11,0.0
41,12,0.0
41,13,0.0
41,14,0.0
41,15,0.6039215686274509
41,16,0.5843137254901961
41,17,0.6078431372549019
41,18,0.5333333333333333
41,19,0.5333333333333333
41,20,0.5294117647058824
41,21,0.6
41,22,0.6
41,23,0.6
41,24,0.5647058823529412
41,25,0.44313725490196076
41,26,0.4470588235294118
41,27,0.4470588235294118
41,28,0.44313725490196076
41,29,0.39215686274509803
41,30,0.396078431372549
41,31,0.4
41,32,0.4
41,33,0.4
41,34,0.00784313725490196
41,35,0.4470588235294118
41,36,0.4470588235294118
41,37,0.4470588235294118
41,38,0.4392156862745098
41,39,0.4
41,40,0.4
41,41,0.4
41,42,0.4
41,43,0.4
41,44,0.4
41,45,0.4
41,46,0.39215686274509803
41,47,0.4
41,48,0.4
41,49,0.4
41,50,0.4
41,51,0.4
41,52,0.4
41,53,0.4
41,54,0.0
41,55,0.4470588235294118
41,56,0.4470588235294118
41,57,0.4470588235294118
41,58,0.4470588235294118
41,59,0.8117647058823529
41,60,0.44313725490196076
41,61,0.0
41,62,0.0
41,63,0.0
42,0,0.0
42,1,0.0
42,2,0.0
42,3,0.0
42,4,0.0
42,5,0.0
42,6,0.0
42,7,0.0
42,8,0.0
42,9,0.0
42,10,0.0
42,11,0.0
42,12,0.0
42,13,0.0
42,14,0.0
42,15,0.0
42,16,0.0
42,17,0.611764705882353
42,18,0.5333333333333333
42,19,0.5333333333333333
42,20,0.6
42,21,0.6
42,22,0.6
42,23,0.5647058823529412
42,24,0.5607843137254902
42,25,0.4470588235294118
42,26,0.4470588235294118
42,27,0.4470588235294118
42,28,0.4
42,29,0.4
42,30,0.403921568627451
42,31,0.4
42,32,0.4
42,33,0.4
42,34,0.4
42,35,0.08627450980392157
42,36,0.396078431372549
42,37,0.0
42,38,0.4
42,39,0.4
42,40,0.4
42,41,0.4
42,42,0.4
42,43,0.4
42,44,0.4
42,45,0.4
42,46,0.1568627450980392
42,47,0.4
42,48,0.4
42,49,0.4
42,50,0.4
42,51,0.4
42,52,0.4
42,53,0.396078431372549
42,54,0.44313725490196076
42,55,0.4470588235294118
42,56,0.4470588235294118
42,57,0.4470588235294118
42,58,0.8117647058823529
42,59,0.8117647058823529
42,60,0.4235294117647059
42,61,0.0
42,62,0.0
42,63,0.0
43,0,0.0
43,1,0.0
43,2,0.0
43,3,0.0
43,4,0.0
43,5,0.0
43,6,0.0
43,7,0.0
43,8,0.0
43,9,0.0
43,10,0.0
43,11,0.0
43,12,0.0
43,13,0.0
43,14,0.0
43,15,0.0
43,16,0.0
43,17,0.0
43,18,0.5333333333333333
43,19,0.596078431372549
43,20,0.6
43,21,0.6
43,22,0.5647058823529412
43,23,0.5647058823529412
43,24,0.4470588235294118
43,25,0.4470588235294118
43,26,0.44313725490196076
43,27,0.4
43,28,0.4
43,29,0.4
43,30,0.0
43,31,0.4
43,32,0.4
43,33,0.4
43,34,0.4
43,35,0.43529411764705883
43,36,0.027450980392156862
43,37,0.4
43,38,0.4
43,39,0.4
43,40,0.4
43,41,0.4
43,42,0.4
43,43,0.4
43,44,0.4
43,45,0.4
43,46,0.20392156862745098
43,47,0.4
43,48,0.0
43,49,0.4470588235294118
43,50,0.0
43,51,0.0
43,52,0.4470588235294118
43,53,0.792156862745098
43,54,0.4470588235294118
43,55,0.4470588235294118
43,56,0.4470588235294118
43,57,0.4470588235294118
43,58,0.0
43,59,0.0
43,60,0.0
43,61,0.0
43,62,0.0
43,63,0.0
44,0,0.0
44,1,0.0
44,2,0.0
44,3,0.0
44,4,0.0
44,5,0.0
44,6,0.0
44,7,0.0
44,8,0.0
44,9,0.0
44,10,0.0
44,11,0.0
44,12,0.0
44,13,0.0
44,14,0.0
44,15,0.0
44,16,0.0
44,17,0.0
44,18,0.0
44,19,0.0
44,20,0.596078431372549
44,21,0.5647058823529412
44,22,0.5647058823529412
44,23,0.4470588235294118
44,24,0.4470588235294118
44,25,0.4470588235294118
44,26,0.4
44,27,0.4
44,28,0.4
44,29,0.4
44,30,0.38823529411764707
44,31,0.4
44,32,0.4
44,33,0.4
44,34,0.4
44,35,0.4
44,36,0.00392156862745098
44,37,0.4
44,38,0.4
44,39,0.4
44,40,0.4
44,41,0.4
44,42,0.4
44,43,0.4
44,44,0.4
44,45,0.396078431372549
44,46,0.44313725490196076
44,47,0.4470588235294118
44,48,0.4470588235294118
44,49,0.4470588235294118
44,50,0.4470588235294118
44,51,0.4470588235294118
44,52,0.4470588235294118
44,53,0.8117647058823529
44,54,0.8117647058823529
44,55,0.8117647058823529
44,56,0.8117647058823529
44,57,0.8117647058823529
44,58,0.8117647058823529
44,59,0.4470588235294118
44,60,0.0
44,61,0.0
44,62,0.0
44,63,0.0
45,0,0.0
45,1,0.0
45,2,0.0
45,3,0.0
45,4,0.0
45,5,0.0
45,6,0.0
45,7,0.0
45,8,0.0
45,9,0.0
45,10,0.0
45,11,0.0
45,12,0.0
45,13,0.0
45,14,0.0
45,15,0.0
45,16,0.0
45,17,0.0
45,18,0.0
45,19,0.0
45,20,0.0
45,21,0.45098039215686275
45,22,0.4470588235294118
45,23,0.4470588235294118
45,24,0.4470588235294118
45,25,0.4392156862745098
45,26,0.4
45,27,0.4
45,28,0.4
45,29,0.4
45,30,0.4
45,31,0.4
45,32,0.4
45,33,0.0
45,34,0.4470588235294118
45,35,0.4470588235294118
45,36,0.0
45,37,0.06274509803921569
45,38,0.4
45,39,0.4
45,40,0.4
45,41,0.4
45,42,0.0
45,43,0.396078431372549
45,44,0.00392156862745098
45,45,0.4196078431372549
45,46,0.4470588235294118
45,47,0.4470588235294118
45,48,0.4470588235294118
45,49,0.4470588235294118
45,50,0.4470588235294118
45,51,0.4470588235294118
45,52,0.4470588235294118
45,53,0.0
45,54,0.0
45,55,0.0
45,56,0.0
45,57,0.8117647058823529
45,58,0.8117647058823529
45,59,0.0
45,60,0.0
45,61,0.0
45,62,0.0
45,63,0.0
46,0,0.0
46,1,0.0
46,2,0.0
46,3,0.0
46,4,0.0
46,5,0.0
46,6,0.0
46,7,0.0
46,8,0.0
46,9,0.0
46,10,0.0
46,11,0.0
46,12,0.0
46,13,0.0
46,14,0.0
46,15,0.0
46,16,0.0
46,17,0.0
46,18,0.0
46,19,0.0
46,20,0.0
46,21,0.0
46,22,0.0
46,23,0.0
46,24,0.16862745098039217
46,25,0.4
46,26,0.4
46,27,0.40784313725490196
46,28,0.4470588235294118
46,29,0.4470588235294118
46,30,0.4470588235294118
46,31,0.4470588235294118
46,32,0.4470588235294118
46,33,0.4470588235294118
46,34,0.4470588235294118
46,35,0.4470588235294118
46,36,0.4470588235294118
46,37,0.4470588235294118
46,38,0.4
46,39,0.4
46,40,0.0
46,41,0.0
46,42,0.42745098039215684
46,43,0.4
46,44,0.4
46,45,0.00392156862745098
46,46,0.4470588235294118
46,47,0.4470588235294118
46,48,0.4470588235294118
46,49,0.4470588235294118
46,50,0.4470588235294118
46,51,0.4470588235294118
46,52,0.4470588235294118
46,53,0.4470588235294118
46,54,0.4470588235294118
46,55,0.4470588235294118
46,56,0.4470588235294118
46,57,0.4470588235294118
46,58,0.4470588235294118
46,59,0.0
46,60,0.0
46,61,0.0
46,62,0.0
46,63,0.0
47,0,0.0
47,1,0.0
47,2,0.0
47,3,0.0
47,4,0.0
47,5,0.0
47,6,0.0
47,7,0.0
47,8,0.0
47,9,0.0
47,10,0.0
47,11,0.0
47,12,0.0
47,13,0.0
47,14,0.0
47,15,0.0
47,16,0.0
47,17,0.0
47,18,0.0
47,19,0.0
47,20,0.0
47,21,0.0
47,22,0.0
47,23,0.0
47,24,0.0
47,25,0.4
47,26,0.15294117647058825
47,27,0.44313725490196076
47,28,0.4470588235294118
47,29,0.4470588235294118
47,30,0.4470588235294118
47,31,0.4470588235294118
47,32,0.4470588235294118
47,33,0.4470588235294118
47,34,0.4470588235294118
47,35,0.4470588235294118
47,36,0.4470588235294118
47,37,0.4470588235294118
47,38,0.4
47,39,0.4
47,40,0.4
47,41,0.0
47,42,0.0
47,43,0.4
47,44,0.4
47,45,0.396078431372549
47,46,0.4
47,47,0.396078431372549
47,48,0.4470588235294118
47,49,0.4470588235294118
47,50,0.4470588235294118
47,51,0.4470588235294118
47,52,0.8117647058823529
47,53,0.8117647058823529
47,54,0.8117647058823529
47,55,0.4470588235294118
47,56,0.4470588235294118
47,57,0.8117647058823529
47,58,0.8117647058823529
47,59,0.4470588235294118
47,60,0.0
47,61,0.0
47,62,0.0
47,63,0.0
48,0,0.0
48,1,0.0
48,2,0.0
48,3,0.0
48,4,0.0
48,5,0.0
48,6,0.0
48,7,0.0
48,8,0.0
48,9,0.0
48,10,0.0
48,11,0.0
48,12,0.0
48,13,0.0
48,14,0.0
48,15,0.0
48,16,0.0
48,17,0.0
48,18,0.0
48,19,0.0
48,20,0.0
48,21,0.0
48,22,0.0
48,23,0.0
48,24,0.0
48,25,0.0
48,26,0.0
48,27,0.4470588235294118
48,28,0.4470588235294118
48,29,0.4470588235294118
48,30,0.4470588235294118
48,31,0.4470588235294118
48,32,0.4470588235294118
48,33,0.4470588235294118
48,34,0.4470588235294118
48,35,0.4470588235294118
48,36,0.4470588235294118
48,37,0.4470588235294118
48,38,0.4
48,39,0.4
48,40,0.4470588235294118
48,41,0.4470588235294118
48,42,0.4470588235294118
48,43,0.0
48,44,0.4
48,45,0.0
48,46,0.4
48,47,0.4
48,48,0.4470588235294118
48,49,0.4470588235294118
48,50,0.4470588235294118
48,51,0.4470588235294118
48,52,0.4470588235294118
48,53,0.4470588235294118
48,54,0.8117647058823529
48,55,0.8117647058823529
48,56,0.4470588235294118
48,57,0.4470588235294118
48,58,0.8117647058823529
48,59,0.44313725490196076
48,60,0.0
48,61,0.0
48,62,0.0
48,63,0.0
49,0,0.0
49,1,0.0
49,2,0.0
49,3,0.0
49,4,0.0
49,5,0.0
49,6,0.0
49,7,0.0
49,8,0.0
49,9,0.0
49,10,0.0
49,11,0.0
49,12,0.0
49,13,0.0
49,14,0.0
49,15,0.0
49,16,0.0
49,17,0.0
49,18,0.0
49,19,0.0
49,20,0.0
49,21,0.0
49,22,0.0
49,23,0.0
49,24,0.0
49,25,0.0
49,26,0.0
49,27,0.0
49,28,0.0
49,29,0.44313725490196076
49,30,0.4470588235294118
49,31,0.4470588235294118
49,32,0.4470588235294118
49,33,0.4470588235294118
49,34,0.4470588235294118
49,35,0.4470588235294118
49,36,0.4470588235294118
49,37,0.4470588235294118
49,38,0.4
49,39,0.39215686274509803
49,40,0.4470588235294118
49,41,0.4470588235294118
49,42,0.4470588235294118
49,43,0.4470588235294118
49,44,0.44313725490196076
49,45,0.4470588235294118
49,46,0.4470588235294118
49,47,0.4470588235294118
49,48,0.4470588235294118
49,49,0.4470588235294118
49,50,0.4470588235294118
49,51,0.4470588235294118
49,52,0.0
49,53,0.4470588235294118
49,54,0.4470588235294118
49,55,0.8117647058823529
49,56,0.4470588235294118
49,57,0.4470588235294118
49,58,0.8117647058823529
49,59,0.0
49,60,0.0
49,61,0.0
49,62,0.0
49,63,0.0
50,0,0.0
50,1,0.0
50,2,0.0
50,3,0.0
50,4,0.0
50,5,0.0
50,6,0.0
50,7,0.0
50,8,0.0
50,9,0.0
50,10,0.0
50,11,0.0
50,12,0.0
50,13,0.0
50,14,0.0
50,15,0.0
50,16,0.0
50,17,0.0
50,18,0.0
50,19,0.0
50,20,0.0
50,21,0.0
50,22,0.0
50,23,0.0
50,24,0.0
50,25,0.0
50,26,0.0
50,27,0.0
50,28,0.0
50,29,0.0
50,30,0.0
50,31,0.44313725490196076
50,32,0.4470588235294118
50,33,0.4392156862745098
50,34,0.1607843137254902
50,35,0.0
50,36,0.4470588235294118
50,37,0.4235294117647059
50,38,0.4
50,39,0.4
50,40,0.4470588235294118
50,41,0.4470588235294118
50,42,0.4470588235294118
50,43,0.4470588235294118
50,44,0.4470588235294118
50,45,0.4470588235294118
50,46,0.4470588235294118
50,47,0.4470588235294118
50,48,0.4470588235294118
50,49,0.4470588235294118
50,50,0.4470588235294118
50,51,0.4470588235294118
50,52,0.4470588235294118
50,53,0.8117647058823529
50,54,0.4470588235294118
50,55,0.8117647058823529
50,56,0.8117647058823529
50,57,0.8117647058823529
50,58,0.4470588235294118
50,59,0.0
50,60,0.0
50,61,0.0
50,62,0.0
50,63,0.0
51,0,0.0
51,1,0.0
51,2,0.0
51,3,0.0
51,4,0.0
51,5,0.0
51,6,0.0
51,7,0.0
51,8,0.0
51,9,0.0
51,10,0.0
51,11,0.0
51,12,0.0
51,13,0.0
51,14,0.0
51,15,0.0
51,16,0.0
51,17,0.0
51,18,0.0
51,19,0.0
51,20,0.0
51,21,0.0
51,22,0.0
51,23,0.0
51,24,0.0
51,25,0.0
51,26,0.0
51,27,0.0
51,28,0.0
51,29,0.0
51,30,0.0
51,31,0.0
51,32,0.0
51,33,0.4392156862745098
51,34,0.4470588235294118
51,35,0.4470588235294118
51,36,0.4470588235294118
51,37,0.4470588235294118
51,38,0.4
51,39,0.4
51,40,0.4470588235294118
51,41,0.4470588235294118
51,42,0.44313725490196076
51,43,0.12549019607843137
51,44,0.4588235294117647
51,45,0.4470588235294118
51,46,0.4470588235294118
51,47,0.4470588235294118
51,48,0.4470588235294118
51,49,0.4470588235294118
51,50,0.4470588235294118
51,51,0.4470588235294118
51,52,0.4470588235294118
51,53,0.4470588235294118
51,54,0.4470588235294118
51,55,0.4470588235294118
51,56,0.4
51,57,0.0
51,58,0.0
51,59,0.0
51,60,0.0
51,61,0.0
51,62,0.0
51,63,0.0
52,0,0.0
52,1,0.0
52,2,0.0
52,3,0.0
52,4,0.0
52,5,0.0
52,6,0.0
52,7,0.0
52,8,0.0
52,9,0.0
52,10,0.0
52,11,0.0
52,12,0.0
52,13,0.0
52,14,0.0
52,15,0.0
52,16,0.0
52,17,0.0
52,18,0.0
52,19,0.0
52,20,0.0
52,21,0.0
52,22,0.0
52,23,0.0
52,24,0.0
52,25,0.0
52,26,0.0
52,27,0.0
52,28,0.0
52,29,0.0
52,30,0.0
52,31,0.0
52,32,0.0
52,33,0.0
52,34,0.0
52,35,0.0
52,36,0.4470588235294118
52,37,0.44313725490196076
52,38,0.4
52,39,0.4
52,40,0.34509803921568627
52,41,0.4470588235294118
52,42,0.4470588235294118
52,43,0.4470588235294118
52,44,0.28627450980392155
52,45,0.4470588235294118
52,46,0.4470588235294118
52,47,0.4470588235294118
52,48,0.4392156862745098
52,49,0.054901960784313725
52,50,0.4470588235294118
52,51,0.4470588235294118
52,52,0.4470588235294118
52,53,0.4470588235294118
52,54,0.4470588235294118
52,55,0.4470588235294118
52,56,0.4470588235294118
52,57,0.4470588235294118
52,58,0.4470588235294118
52,59,0.0
52,60,0.0
52,61,0.0
52,62,0.0
52,63,0.0
53,0,0.0
53,1,0.0
53,2,0.0
53,3,0.0
53,4,0.0
53,5,0.0
53,6,0.0
53,7,0.0
53,8,0.0
53,9,0.0
53,10,0.0
53,11,0.0
53,12,0.0
53,13,0.0
53,14,0.0
53,15,0.0
53,16,0.0
53,17,0.0
53,18,0.0
53,19,0.0
53,20,0.0
53,21,0.0
53,22,0.0
53,23,0.0
53,24,0.0
53,25,0.0
53,26,0.0
53,27,0.0
53,28,0.0
53,29,0.0
53,30,0.0
53,31,0.0
53,32,0.0
53,33,0.0
53,34,0.0
53,35,0.0
53,36,0.0
53,37,0.0
53,38,0.0
53,39,0.4
53,40,0.3333333333333333
53,41,0.4470588235294118
53,42,0.4470588235294118
53,43,0.4470588235294118
53,44,0.4470588235294118
53,45,0.4470588235294118
53,46,0.4470588235294118
53,47,0.4470588235294118
53,48,0.4470588235294118
53,49,0.4470588235294118
53,50,0.4470588235294118
53,51,0.9215686274509803
53,52,0.4470588235294118
53,53,0.07058823529411765
53,54,0.44313725490196076
53,55,0.4470588235294118
53,56,0.4470588235294118
53,57,0.4470588235294118
53,58,0.39215686274509803
53,59,0.0
53,60,0.0
53,61,0.0
53,62,0.0
53,63,0.0
54,0,0.0
54,1,0.0
54,2,0.0
54,3,0.0
54,4,0.0
54,5,0.0
54,6,0.0
54,7,0.0
54,8,0.0
54,9,0.0
54,10,0.0
54,11,0.0
54,12,0.0
54,13,0.0
54,14,0.0
54,15,0.0
54,16,0.0
54,17,0.0
54,18,0.0
54,19,0.0
54,20,0.0
54,21,0.0
54,22,0.0
54,23,0.0
54,24,0.0
54,25,0.0
54,26,0.0
54,27,0.0
54,28,0.0
54,29,0.0
54,30,0.0
54,31,0.0
54,32,0.0
54,33,0.0
54,34,0.0
54,35,0.0
54,36,0.0
54,37,0.0
54,38,0.0
54,39,0.0
54,40,0.0
54,41,0.0
54,42,0.4470588235294118
54,43,0.44313725490196076
54,44,0.4470588235294118
54,45,0.4470588235294118
54,46,0.4470588235294118
54,47,0.4470588235294118
54,48,0.4470588235294118
54,49,0.4470588235294118
54,50,0.9215686274509803
54,51,0.9215686274509803
54,52,0.9215686274509803
54,53,0.9215686274509803
54,54,0.9215686274509803
54,55,0.9215686274509803
54,56,0.4470588235294118
54,57,0.9215686274509803
54,58,0.0
54,59,0.0
54,60,0.0
54,61,0.0
54,62,0.0
54,63,0.0
55,0,0.0
55,1,0.0
55,2,0.0
55,3,0.0
55,4,0.0
55,5,0.0
55,6,0.0
55,7,0.0
55,8,0.0
55,9,0.0
55,10,0.0
55,11,0.0
55,12,0.0
55,13,0.0
55,14,0.0
55,15,0.0
55,16,0.0
55,17,0.0
55,18,0.0
55,19,0.0
55,20,0.0
55,21,0.0
55,22,0.0
55,23,0.0
55,24,0.0
55,25,0.0
55,26,0.0
55,27,0.0
55,28,0.0
55,29,0.0
55,30,0.0
55,31,0.0
55,32,0.0
55,33,0.0
55,34,0.0
55,35,0.0
55,36,0.0
55,37,0.0
55,38,0.0
55,39,0.0
55,40,0.0
55,41,0.0
55,42,0.0
55,43,0.0
55,44,0.0
55,45,0.4549019607843137
55,46,0.4470588235294118
55,47,0.4470588235294118
55,48,0.4470588235294118
55,49,0.4470588235294118
55,50,0.08627450980392157
55,51,0.4470588235294118
55,52,0.0
55,53,0.0
55,54,0.9215686274509803
55,55,0.9215686274509803
55,56,0.9215686274509803
55,57,0.0
55,58,0.0
55,59,0.0
55,60,0.0
55,61,0.0
55,62,0.0
55,63,0.0
56,0,0.0
56,1,0.0
56,2,0.0
56,3,0.0
56,4,0.0
56,5,0.0
56,6,0.0
56,7,0.0
56,8,0.0
56,9,0.0
56,10,0.0
56,11,0.0
56,12,0.0
56,13,0.0
56,14,0.0
56,15,0.0
56,16,0.0
56,17,0.0
56,18,0.0
56,19,0.0
56,20,0.0
56,21,0.0
56,22,0.0
56,23,0.0
56,24,0.0
56,25,0.0
56,26,0.0
56,27,0.0
56,28,0.0
56,29,0.0
56,30,0.0
56,31,0.0
56,32,0.0
56,33,0.0
56,34,0.0
56,35,0.0
56,36,0.0
56,37,0.0
56,38,0.0
56,39,0.0
56,40,0.0
56,41,0.0
56,42,0.0
56,43,0.0
56,44,0.0
56,45,0.0
56,46,0.0
56,47,0.0
56,48,0.0
56,49,0.4470588235294118
56,50,0.4470588235294118
56,51,0.4470588235294118
56,52,0.4470588235294118
56,53,0.4470588235294118
56,54,0.4470588235294118
56,55,0.4470588235294118
56,56,0.0
56,57,0.4470588235294118
56,58,0.0
56,59,0.0
56,60,0.0
56,61,0.0
56,62,0.0
56,63,0.0
57,0,0.0
57,1,0.0
57,2,0.0
57,3,0.0
57,4,0.0
57,5,0.0
57,6,0.0
57,7,0.0
57,8,0.0
57,9,0.0
57,10,0.0
57,11,0.0
57,12,0.0
57,13,0.0
57,14,0.0
57,15,0.0
57,16,0.0
57,17,0.0
57,18,0.0
57,19,0.0
57,20,0.0
57,21,0.0
57,22,0.0
57,23,0.0
57,24,0.0
57,25,0.0
57,26,0.0
57,27,0.0
57,28,0.0
57,29,0.0
57,30,0.0
57,31,0.0
57,32,0.0
57,33,0.0
57,34,0.0
57,35,0.0
57,36,0.0
57,37,0.0
57,38,0.0
57,39,0.0
57,40,0.0
57,41,0.0
57,42,0.0
57,43,0.0
57,44,0.0
57,45,0.0
57,46,0.0
57,47,0.0
57,48,0.0
57,49,0.0
57,50,0.0
57,51,0.0
57,52,0.2823529411764706
57,53,0.4470588235294118
57,54,0.4470588235294118
57,55,0.4470588235294118
57,56,0.4470588235294118
57,57,0.0
57,58,0.0
57,59,0.0
57,60,0.0
57,61,0.0
57,62,0.0
57,63,0.0
58,0,0.0
58,1,0.0
58,2,0.0
58,3,0.0
58,4,0.0
58,5,0.0
58,6,0.0
58,7,0.0
58,8,0.0
58,9,0.0
58,10,0.0
58,11,0.0
58,12,0.0
58,13,0.0
58,14,0.0
58,15,0.0
58,16,0.0
58,17,0.0
58,18,0.0
58,19,0.0
58,20,0.0
58,21,0.0
58,22,0.0
58,23,0.0
58,24,0.0
58,25,0.0
58,26,0.0
58,27,0.0
58,28,0.0
58,29,0.0
58,30,0.0
58,31,0.0
58,32,0.0
58,33,0.0
58,34,0.0
58,35,0.0
58,36,0.0
58,37,0.0
58,38,0.0
58,39,0.0
58,40,0.0
58,41,0.0
58,42,0.0
58,43,0.0
58,44,0.0
58,45,0.0
58,46,0.0
58,47,0.0
58,48,0.0
58,49,0.0
58,50,0.0
58,51,0.0
58,52,0.0
58,53,0.0
58,54,0.0
58,55,0.0
58,56,0.44313725490196076
58,57,0.0
58,58,0.0
58,59,0.0
58,60,0.0
58,61,0.0
58,62,0.0
58,63,0.0
59,0,0.0
59,1,0.0
59,2,0.0
59,3,0.0
59,4,0.0
59,5,0.0
59,6,0.0
59,7,0.0
59,8,0.0
59,9,0.0
59,10,0.0
59,11,0.0
59,12,0.0
59,13,0.0
59,14,0.0
59,15,0.0
59,16,0.0
59,17,0.0
59,18,0.0
59,19,0.0
59,20,0.0
59,21,0.0
59,22,0.0
59,23,0.0
59,24,0.0
59,25,0.0
59,26,0.0
59,27,0.0
59,28,0.0
59,29,0.0
59,30,0.0
59,31,0.0
59,32,0.0
59,33,0.0
59,34,0.0
59,35,0.0
59,36,0.0
59,37,0.0
59,38,0.0
59,39,0.0
59,40,0.0
59,41,0.0
59,42,0.0
59,43,0.0
59,44,0.0
59,45,0.0
59,46,0.0
59,47,0.0
59,48,0.0
59,49,0.0
59,50,0.0
59,51,0.0
59,52,0.0
59,53,0.0
59,54,0.0
59,55,0.0
59,56,0.0
59,57,0.0
59,58,0.0
59,59,0.0
59,60,0.0
59,61,0.0
59,62,0.0
59,63,0.0
60,0,0.0
60,1,0.0
60,2,0.0
60,3,0.0
60,4,0.0
60,5,0.0
60,6,0.0
60,7,0.0
60,8,0.0
60,9,0.0
60,10,0.0
60,11,0.0
60,12,0.0
60,13,0.0
60,14,0.0
60,15,0.0
60,16,0.0
60,17,0.0
60,18,0.0
60,19,0.0
60,20,0.0
60,21,0.0
60,22,0.0
60,23,0.0
60,24,0.0
60,25,0.0
60,26,0.0
60,27,0.0
60,28,0.0
60,29,0.0
60,30,0.0
60,31,0.0
60,32,0.0
60,33,0.0
60,34,0.0
60,35,0.0
60,36,0.0
60,37,0.0
60,38,0.0
60,39,0.0
60,40,0.0
60,41,0.0
60,42,0.0
60,43,0.0
60,44,0.0
60,45,0.0
60,46,0.0
60,47,0.0
60,48,0.0
60,49,0.0
60,50,0.0
60,51,0.0
60,52,0.0
60,53,0.0
60,54,0.0
60,55,0.0
60,56,0.0
60,57,0.0
60,58,0.0
60,59,0.0
60,60,0.0
60,61,0.0
60,62,0.0
60,63,0.0
61,0,0.0
61,1,0.0
61,2,0.0
61,3,0.0
61,4,0.0
61,5,0.0
61,6,0.0
61,7,0.0
61,8,0.0
61,9,0.0
61,10,0.0
61,11,0.0
61,12,0.0
61,13,0.0
61,14,0.0
61,15,0.0
61,16,0.0
61,17,0.0
61,18,0.0
61,19,0.0
61,20,0.0
61,21,0.0
61,22,0.0
61,23,0.0
61,24,0.0
61,25,0.0
61,26,0.0
61,27,0.0
61,28,0.0
61,29,0.0
61,30,0.0
61,31,0.0
61,32,0.0
61,33,0.0
61,34,0.0
61,35,0.0
61,36,0.0
61,37,0.0
61,38,0.0
61,39,0.0
61,40,0.0
61,41,0.0
61,42,0.0
61,43,0.0
61,44,0.0
61,45,0.0
61,46,0.0
61,47,0.0
61,48,0.0
61,49,0.0
61,50,0.0
61,51,0.0
61,52,0.0
61,53,0.0
61,54,0.0
61,55,0.0
61,56,0.0
61,57,0.0
61,58,0.0
61,59,0.0
61,60,0.0
61,61,0.0
61,62,0.0
61,63,0.0
62,0,0.0
62,1,0.0
62,2,0.0
62,3,0.0
62,4,0.0
62,5,0.0
62,6,0.0
62,7,0.0
62,8,0.0
62,9,0.0
62,10,0.0
62,11,0.0
62,12,0.0
62,13,0.0
62,14,0.0
62,15,0.0
62,16,0.0
62,17,0.0
62,18,0.0
62,19,0.0
62,20,0.0
62,21,0.0
62,22,0.0
62,23,0.0
62,24,0.0
62,25,0.0
62,26,0.0
62,27,0.0
62,28,0.0
62,29,0.0
62,30,0.0
62,31,0.0
62,32,0.0
62,33,0.0
62,34,0.0
62,35,0.0
62,36,0.0
62,37,0.0
62,38,0.0
62,39,0.0
62,40,0.0
62,41,0.0
62,42,0.0
62,43,0.0
62,44,0.0
62,45,0.0
62,46,0.0
62,47,0.0
62,48,0.0
62,49,0.0
62,50,0.0
62,51,0.0
62,52,0.0
62,53,0.0
62,54,0.0
62,55,0.0
62,56,0.0
62,57,0.0
62,58,0.0
62,59,0.0
62,60,0.0
62,61,0.0
62,62,0.0
62,63,0.0
63,0,0.0
63,1,0.0
63,2,0.0
63,3,0.0
63,4,0.0
63,5,0.0
63,6,0.0
63,7,0.0
63,8,0.0
63,9,0.0
63,10,0.0
63,11,0.0
63,12,0.0
63,13,0.0
63,14,0.0
63,15,0.0
63,16,0.0
63,17,0.0
63,18,0.0
63,19,0.0
63,20,0.0
63,21,0.0
63,22,0.0
63,23,0.0
63,24,0.0
63,25,0.0
63,26,0.0
63,27,0.0
63,28,0.0
63,29,0.0
63,30,0.0
63,31,0.0
63,32,0.0
63,33,0.0
63,34,0.0
63,35,0.0
63,36,0.0
63,37,0.0
63,38,0.0
63,39,0.0
63,40,0.0
63,41,0.0
63,42,0.0
63,43,0.0
63,44,0.0
63,45,0.0
63,46,0.0
63,47,0.0
63,48,0.0
63,49,0.0
63,50,0.0
63,51,0.0
63,52,0.0
63,53,0.0
63,54,0.0
63,55,0.0
63,56,0.0
63,57,0.0
63,58,0.0
63,59,0.0
63,60,0.0
63,61,0.0
63,62,0.0
63,63,0.0
