time,lasttime,lat,lng,speed,course,altitude,comment
2026-08-01 12:30:02,2026-08-01 12:30:02,60.14086,14.38032,31,39,400.00,"BOREALIS-1"
2026-08-01 12:30:33,2026-08-01 12:30:33,60.14209,14.38318,28,52,519.00,"BOREALIS-1"
2026-08-01 12:31:03,2026-08-01 12:31:03,60.14330,14.38691,22,63,629.00,"BOREALIS-1"
2026-08-01 12:31:34,2026-08-01 12:31:34,60.14459,14.39071,31,54,759.00,"BOREALIS-1"
2026-08-01 12:32:04,2026-08-01 12:32:04,60.14611,14.39482,37,56,880.00,"BOREALIS-1"
2026-08-01 12:32:35,2026-08-01 12:32:35,60.14759,14.39956,35,64,1004.00,"BOREALIS-1"
2026-08-01 12:33:06,2026-08-01 12:33:06,60.14890,14.40390,33,51,1117.00,"BOREALIS-1"
2026-08-01 12:33:36,2026-08-01 12:33:36,60.15006,14.40850,35,65,1218.00,"BOREALIS-1"
2026-08-01 12:34:07,2026-08-01 12:34:07,60.15114,14.41307,35,72,1342.00,"BOREALIS-1"
2026-08-01 12:34:37,2026-08-01 12:34:37,60.15220,14.41744,28,57,1459.00,"BOREALIS-1"
2026-08-01 12:35:08,2026-08-01 12:35:08,60.15330,14.42146,31,72,1579.00,"BOREALIS-1"
2026-08-01 12:35:38,2026-08-01 12:35:38,60.15423,14.42610,30,61,1700.00,"BOREALIS-1"
2026-08-01 12:36:09,2026-08-01 12:36:09,60.15524,14.42998,30,60,1846.00,"BOREALIS-1"
2026-08-01 12:36:40,2026-08-01 12:36:40,60.15658,14.43340,24,56,1988.00,"BOREALIS-1"
2026-08-01 12:37:10,2026-08-01 12:37:10,60.15747,14.43697,22,53,2106.00,"BOREALIS-1"
2026-08-01 12:37:41,2026-08-01 12:37:41,60.15848,14.44088,33,67,2232.00,"BOREALIS-1"
2026-08-01 12:38:11,2026-08-01 12:38:11,60.15929,14.44593,33,73,2366.00,"BOREALIS-1"
2026-08-01 12:38:42,2026-08-01 12:38:42,60.16013,14.45134,37,78,2459.00,"BOREALIS-1"
2026-08-01 12:39:12,2026-08-01 12:39:12,60.16107,14.45743,41,73,2589.00,"BOREALIS-1"
2026-08-01 12:39:43,2026-08-01 12:39:43,60.16186,14.46408,44,75,2736.00,"BOREALIS-1"
2026-08-01 12:40:14,2026-08-01 12:40:14,60.16297,14.47044,46,66,2881.00,"BOREALIS-1"
2026-08-01 12:40:44,2026-08-01 12:40:44,60.16408,14.47706,44,71,3018.00,"BOREALIS-1"
2026-08-01 12:41:15,2026-08-01 12:41:15,60.16509,14.48387,52,77,3166.00,"BOREALIS-1"
2026-08-01 12:41:45,2026-08-01 12:41:45,60.16599,14.49100,50,74,3297.00,"BOREALIS-1"
2026-08-01 12:42:16,2026-08-01 12:42:16,60.16707,14.49849,48,71,3428.00,"BOREALIS-1"
2026-08-01 12:42:46,2026-08-01 12:42:46,60.16821,14.50566,50,78,3564.00,"BOREALIS-1"
2026-08-01 12:43:17,2026-08-01 12:43:17,60.16925,14.51280,48,69,3695.00,"BOREALIS-1"
2026-08-01 12:43:47,2026-08-01 12:43:47,60.17026,14.51944,43,65,3814.00,"BOREALIS-1"
2026-08-01 12:44:18,2026-08-01 12:44:18,60.17167,14.52597,44,63,3950.00,"BOREALIS-1"
2026-08-01 12:44:49,2026-08-01 12:44:49,60.17343,14.53216,46,60,4098.00,"BOREALIS-1"
2026-08-01 12:45:19,2026-08-01 12:45:19,60.17536,14.53850,44,60,4254.00,"BOREALIS-1"
2026-08-01 12:45:50,2026-08-01 12:45:50,60.17736,14.54471,48,55,4405.00,"BOREALIS-1"
2026-08-01 12:46:20,2026-08-01 12:46:20,60.17931,14.55075,48,60,4541.00,"BOREALIS-1"
2026-08-01 12:46:51,2026-08-01 12:46:51,60.18144,14.55689,54,49,4690.00,"BOREALIS-1"
2026-08-01 12:47:21,2026-08-01 12:47:21,60.18395,14.56360,59,56,4839.00,"BOREALIS-1"
2026-08-01 12:47:52,2026-08-01 12:47:52,60.18636,14.57082,56,57,4990.00,"BOREALIS-1"
2026-08-01 12:48:23,2026-08-01 12:48:23,60.18869,14.57801,59,56,5129.00,"BOREALIS-1"
2026-08-01 12:48:53,2026-08-01 12:48:53,60.19095,14.58522,56,53,5257.00,"BOREALIS-1"
2026-08-01 12:49:24,2026-08-01 12:49:24,60.19336,14.59301,59,56,5360.00,"BOREALIS-1"
2026-08-01 12:49:54,2026-08-01 12:49:54,60.19571,14.60009,56,59,5400.00,"BOREALIS-1"
2026-08-01 12:50:25,2026-08-01 12:50:25,60.19810,14.60732,54,56,5444.00,"BOREALIS-1"
2026-08-01 12:50:55,2026-08-01 12:50:55,60.20045,14.61418,56,56,5489.00,"BOREALIS-1"
2026-08-01 12:51:26,2026-08-01 12:51:26,60.20289,14.62153,57,58,5534.00,"BOREALIS-1"
2026-08-01 12:51:57,2026-08-01 12:51:57,60.20540,14.62928,57,60,5588.00,"BOREALIS-1"
2026-08-01 12:52:27,2026-08-01 12:52:27,60.20778,14.63701,63,60,5646.00,"BOREALIS-1"
2026-08-01 12:52:58,2026-08-01 12:52:58,60.21003,14.64481,59,58,5712.00,"BOREALIS-1"
2026-08-01 12:53:28,2026-08-01 12:53:28,60.21262,14.65260,59,54,5793.00,"BOREALIS-1"
2026-08-01 12:53:59,2026-08-01 12:53:59,60.21503,14.65987,56,59,5922.00,"BOREALIS-1"
2026-08-01 12:54:29,2026-08-01 12:54:29,60.21743,14.66787,67,60,6085.00,"BOREALIS-1"
2026-08-01 12:55:00,2026-08-01 12:55:00,60.22021,14.67745,76,56,6271.00,"BOREALIS-1"
2026-08-01 12:55:30,2026-08-01 12:55:30,60.22337,14.68739,80,56,6445.00,"BOREALIS-1"
2026-08-01 12:56:01,2026-08-01 12:56:01,60.22681,14.69745,83,54,6624.00,"BOREALIS-1"
2026-08-01 12:56:32,2026-08-01 12:56:32,60.23043,14.70698,78,50,6797.00,"BOREALIS-1"
2026-08-01 12:57:02,2026-08-01 12:57:02,60.23432,14.71675,80,53,6965.00,"BOREALIS-1"
2026-08-01 12:57:33,2026-08-01 12:57:33,60.23770,14.72649,78,54,7117.00,"BOREALIS-1"
2026-08-01 12:58:03,2026-08-01 12:58:03,60.24155,14.73618,85,54,7270.00,"BOREALIS-1"
2026-08-01 12:58:34,2026-08-01 12:58:34,60.24536,14.74638,80,55,7424.00,"BOREALIS-1"
2026-08-01 12:59:04,2026-08-01 12:59:04,60.24932,14.75607,85,49,7577.00,"BOREALIS-1"
2026-08-01 12:59:35,2026-08-01 12:59:35,60.25374,14.76680,89,48,7738.00,"BOREALIS-1"
2026-08-01 13:00:05,2026-08-01 13:00:05,60.25828,14.77767,98,49,7892.00,"BOREALIS-1"
2026-08-01 13:00:36,2026-08-01 13:00:36,60.26299,14.78903,91,48,8038.00,"BOREALIS-1"
2026-08-01 13:01:07,2026-08-01 13:01:07,60.26776,14.80051,96,48,8197.00,"BOREALIS-1"
2026-08-01 13:01:37,2026-08-01 13:01:37,60.27297,14.81221,96,46,8359.00,"BOREALIS-1"
2026-08-01 13:02:08,2026-08-01 13:02:08,60.27732,14.82265,87,53,8518.00,"BOREALIS-1"
2026-08-01 13:02:38,2026-08-01 13:02:38,60.28148,14.83394,89,55,8689.00,"BOREALIS-1"
2026-08-01 13:03:09,2026-08-01 13:03:09,60.28592,14.84515,94,53,8856.00,"BOREALIS-1"
2026-08-01 13:03:39,2026-08-01 13:03:39,60.28986,14.85665,91,49,9012.00,"BOREALIS-1"
2026-08-01 13:04:10,2026-08-01 13:04:10,60.29450,14.86745,91,46,9192.00,"BOREALIS-1"
2026-08-01 13:04:40,2026-08-01 13:04:40,60.29916,14.87768,93,42,9363.00,"BOREALIS-1"
2026-08-01 13:05:11,2026-08-01 13:05:11,60.30376,14.88755,87,46,9509.00,"BOREALIS-1"
2026-08-01 13:05:42,2026-08-01 13:05:42,60.30874,14.89855,94,48,9637.00,"BOREALIS-1"
2026-08-01 13:06:12,2026-08-01 13:06:12,60.31348,14.90937,87,48,9737.00,"BOREALIS-1"
2026-08-01 13:06:43,2026-08-01 13:06:43,60.31834,14.92019,96,45,9830.00,"BOREALIS-1"
2026-08-01 13:07:13,2026-08-01 13:07:13,60.32367,14.93184,102,44,9908.00,"BOREALIS-1"
2026-08-01 13:07:44,2026-08-01 13:07:44,60.32900,14.94354,104,48,9981.00,"BOREALIS-1"
2026-08-01 13:08:14,2026-08-01 13:08:14,60.33379,14.95515,93,51,10054.00,"BOREALIS-1"
2026-08-01 13:08:45,2026-08-01 13:08:45,60.33812,14.96642,83,51,10165.00,"BOREALIS-1"
2026-08-01 13:09:15,2026-08-01 13:09:15,60.34223,14.97617,87,52,10276.00,"BOREALIS-1"
2026-08-01 13:09:46,2026-08-01 13:09:46,60.34718,14.98651,98,47,10397.00,"BOREALIS-1"
2026-08-01 13:10:16,2026-08-01 13:10:16,60.35180,14.99739,94,49,10493.00,"BOREALIS-1"
2026-08-01 13:10:47,2026-08-01 13:10:47,60.35677,15.00790,94,45,10624.00,"BOREALIS-1"
2026-08-01 13:11:18,2026-08-01 13:11:18,60.36161,15.01914,93,51,10728.00,"BOREALIS-1"
2026-08-01 13:11:48,2026-08-01 13:11:48,60.36628,15.03034,89,50,10806.00,"BOREALIS-1"
2026-08-01 13:12:19,2026-08-01 13:12:19,60.37069,15.04077,89,51,10883.00,"BOREALIS-1"
2026-08-01 13:12:49,2026-08-01 13:12:49,60.37501,15.05157,89,46,10959.00,"BOREALIS-1"
2026-08-01 13:13:22,2026-08-01 13:13:22,60.38025,15.06259,87,44,11046.00,"BOREALIS-1"
2026-08-01 13:13:52,2026-08-01 13:13:52,60.38512,15.07233,93,44,11120.00,"BOREALIS-1"
2026-08-01 13:14:23,2026-08-01 13:14:23,60.39033,15.08327,100,48,11198.00,"BOREALIS-1"
2026-08-01 13:14:53,2026-08-01 13:14:53,60.39530,15.09441,100,48,11276.00,"BOREALIS-1"
2026-08-01 13:15:24,2026-08-01 13:15:24,60.40009,15.10619,96,52,11355.00,"BOREALIS-1"
2026-08-01 13:15:55,2026-08-01 13:15:55,60.40439,15.11721,94,48,11430.00,"BOREALIS-1"
2026-08-01 13:16:25,2026-08-01 13:16:25,60.40876,15.12773,91,49,11509.00,"BOREALIS-1"
2026-08-01 13:16:56,2026-08-01 13:16:56,60.41294,15.13765,87,47,11588.00,"BOREALIS-1"
2026-08-01 13:17:26,2026-08-01 13:17:26,60.41726,15.14783,89,52,11662.00,"BOREALIS-1"
2026-08-01 13:17:57,2026-08-01 13:17:57,60.42109,15.15784,81,53,11735.00,"BOREALIS-1"
2026-08-01 13:18:27,2026-08-01 13:18:27,60.42486,15.16661,70,47,11802.00,"BOREALIS-1"
2026-08-01 13:18:58,2026-08-01 13:18:58,60.42887,15.17522,78,47,11888.00,"BOREALIS-1"
2026-08-01 13:19:28,2026-08-01 13:19:28,60.43306,15.18368,83,46,11964.00,"BOREALIS-1"
2026-08-01 13:19:59,2026-08-01 13:19:59,60.43763,15.19249,85,40,12071.00,"BOREALIS-1"
2026-08-01 13:20:30,2026-08-01 13:20:30,60.44284,15.20074,91,39,12193.00,"BOREALIS-1"
2026-08-01 13:21:00,2026-08-01 13:21:00,60.44786,15.20981,80,42,12275.00,"BOREALIS-1"
2026-08-01 13:21:31,2026-08-01 13:21:31,60.45247,15.21816,81,40,12351.00,"BOREALIS-1"
2026-08-01 13:22:01,2026-08-01 13:22:01,60.45709,15.22627,76,44,12431.00,"BOREALIS-1"
2026-08-01 13:22:32,2026-08-01 13:22:32,60.46133,15.23456,76,45,12512.00,"BOREALIS-1"
2026-08-01 13:23:02,2026-08-01 13:23:02,60.46517,15.24343,81,51,12585.00,"BOREALIS-1"
2026-08-01 13:23:33,2026-08-01 13:23:33,60.46912,15.25243,70,49,12678.00,"BOREALIS-1"
2026-08-01 13:24:03,2026-08-01 13:24:03,60.47285,15.26028,69,41,12764.00,"BOREALIS-1"
2026-08-01 13:24:34,2026-08-01 13:24:34,60.47675,15.26794,72,47,12839.00,"BOREALIS-1"
2026-08-01 13:25:05,2026-08-01 13:25:05,60.48010,15.27608,69,46,12907.00,"BOREALIS-1"
2026-08-01 13:25:35,2026-08-01 13:25:35,60.48383,15.28446,72,49,12982.00,"BOREALIS-1"
2026-08-01 13:26:06,2026-08-01 13:26:06,60.48755,15.29276,76,47,13060.00,"BOREALIS-1"
2026-08-01 13:26:36,2026-08-01 13:26:36,60.49186,15.30103,80,42,13144.00,"BOREALIS-1"
2026-08-01 13:27:07,2026-08-01 13:27:07,60.49657,15.30938,76,42,13228.00,"BOREALIS-1"
2026-08-01 13:27:37,2026-08-01 13:27:37,60.50144,15.31740,89,39,13312.00,"BOREALIS-1"
2026-08-01 13:28:08,2026-08-01 13:28:08,60.50626,15.32684,81,48,13417.00,"BOREALIS-1"
2026-08-01 13:28:38,2026-08-01 13:28:38,60.51029,15.33629,76,56,13529.00,"BOREALIS-1"
2026-08-01 13:29:09,2026-08-01 13:29:09,60.51329,15.34605,65,58,13618.00,"BOREALIS-1"
2026-08-01 13:29:40,2026-08-01 13:29:40,60.51606,15.35420,56,54,13705.00,"BOREALIS-1"
2026-08-01 13:30:10,2026-08-01 13:30:10,60.51864,15.36085,50,47,13796.00,"BOREALIS-1"
2026-08-01 13:30:41,2026-08-01 13:30:41,60.52125,15.36718,56,46,13883.00,"BOREALIS-1"
2026-08-01 13:31:11,2026-08-01 13:31:11,60.52445,15.37421,63,44,13969.00,"BOREALIS-1"
2026-08-01 13:31:42,2026-08-01 13:31:42,60.52820,15.38202,72,49,14053.00,"BOREALIS-1"
2026-08-01 13:32:12,2026-08-01 13:32:12,60.53175,15.39038,70,55,14136.00,"BOREALIS-1"
2026-08-01 13:32:43,2026-08-01 13:32:43,60.53515,15.39918,69,55,14214.00,"BOREALIS-1"
2026-08-01 13:33:14,2026-08-01 13:33:14,60.53852,15.40776,72,53,14294.00,"BOREALIS-1"
2026-08-01 13:33:44,2026-08-01 13:33:44,60.54171,15.41590,63,54,14378.00,"BOREALIS-1"
2026-08-01 13:34:15,2026-08-01 13:34:15,60.54473,15.42312,56,47,14465.00,"BOREALIS-1"
2026-08-01 13:34:45,2026-08-01 13:34:45,60.54784,15.42829,56,31,14562.00,"BOREALIS-1"
2026-08-01 13:35:16,2026-08-01 13:35:16,60.55121,15.43353,57,44,14654.00,"BOREALIS-1"
2026-08-01 13:35:46,2026-08-01 13:35:46,60.55455,15.43949,50,35,14746.00,"BOREALIS-1"
2026-08-01 13:36:17,2026-08-01 13:36:17,60.55805,15.44424,59,32,14841.00,"BOREALIS-1"
2026-08-01 13:36:47,2026-08-01 13:36:47,60.56133,15.44882,57,30,14934.00,"BOREALIS-1"
2026-08-01 13:37:18,2026-08-01 13:37:18,60.56500,15.45351,57,32,15025.00,"BOREALIS-1"
2026-08-01 13:37:50,2026-08-01 13:37:50,60.56913,15.45858,61,29,15114.00,"BOREALIS-1"
2026-08-01 13:38:20,2026-08-01 13:38:20,60.57340,15.46486,67,43,15206.00,"BOREALIS-1"
2026-08-01 13:38:51,2026-08-01 13:38:51,60.57717,15.47136,63,38,15287.00,"BOREALIS-1"
2026-08-01 13:39:21,2026-08-01 13:39:21,60.58076,15.47822,61,49,15378.00,"BOREALIS-1"
2026-08-01 13:39:52,2026-08-01 13:39:52,60.58403,15.48565,61,48,15461.00,"BOREALIS-1"
2026-08-01 13:40:22,2026-08-01 13:40:22,60.58694,15.49151,56,38,15538.00,"BOREALIS-1"
2026-08-01 13:40:53,2026-08-01 13:40:53,60.59073,15.49729,54,42,15633.00,"BOREALIS-1"
2026-08-01 13:41:23,2026-08-01 13:41:23,60.59415,15.50245,54,31,15723.00,"BOREALIS-1"
2026-08-01 13:41:54,2026-08-01 13:41:54,60.59810,15.50825,69,38,15838.00,"BOREALIS-1"
2026-08-01 13:42:25,2026-08-01 13:42:25,60.60174,15.51560,67,41,15927.00,"BOREALIS-1"
2026-08-01 13:42:55,2026-08-01 13:42:55,60.60517,15.52345,63,51,16013.00,"BOREALIS-1"
2026-08-01 13:43:26,2026-08-01 13:43:26,60.60837,15.53091,65,43,16100.00,"BOREALIS-1"
2026-08-01 13:43:56,2026-08-01 13:43:56,60.61158,15.53765,56,45,16191.00,"BOREALIS-1"
2026-08-01 13:44:27,2026-08-01 13:44:27,60.61458,15.54388,56,47,16280.00,"BOREALIS-1"
2026-08-01 13:44:57,2026-08-01 13:44:57,60.61766,15.54914,54,38,16361.00,"BOREALIS-1"
2026-08-01 13:45:28,2026-08-01 13:45:28,60.62082,15.55376,50,34,16449.00,"BOREALIS-1"
2026-08-01 13:45:59,2026-08-01 13:45:59,60.62402,15.55802,50,35,16536.00,"BOREALIS-1"
2026-08-01 13:46:29,2026-08-01 13:46:29,60.62660,15.56299,44,43,16624.00,"BOREALIS-1"
2026-08-01 13:47:00,2026-08-01 13:47:00,60.62879,15.56752,35,36,16713.00,"BOREALIS-1"
2026-08-01 13:47:30,2026-08-01 13:47:30,60.63169,15.57139,54,31,16805.00,"BOREALIS-1"
2026-08-01 13:48:01,2026-08-01 13:48:01,60.63490,15.57548,56,38,16895.00,"BOREALIS-1"
2026-08-01 13:48:31,2026-08-01 13:48:31,60.63825,15.58064,54,44,16985.00,"BOREALIS-1"
2026-08-01 13:49:02,2026-08-01 13:49:02,60.64132,15.58684,54,46,17078.00,"BOREALIS-1"
2026-08-01 13:49:33,2026-08-01 13:49:33,60.64367,15.59251,43,52,17168.00,"BOREALIS-1"
2026-08-01 13:50:03,2026-08-01 13:50:03,60.64559,15.59790,39,54,17259.00,"BOREALIS-1"
2026-08-01 13:50:34,2026-08-01 13:50:34,60.64731,15.60185,31,42,17350.00,"BOREALIS-1"
2026-08-01 13:51:04,2026-08-01 13:51:04,60.64908,15.60538,31,41,17442.00,"BOREALIS-1"
2026-08-01 13:51:35,2026-08-01 13:51:35,60.65105,15.60942,33,46,17535.00,"BOREALIS-1"
2026-08-01 13:52:05,2026-08-01 13:52:05,60.65262,15.61337,33,62,17629.00,"BOREALIS-1"
2026-08-01 13:52:36,2026-08-01 13:52:36,60.65386,15.61786,35,64,17718.00,"BOREALIS-1"
2026-08-01 13:53:06,2026-08-01 13:53:06,60.65469,15.62225,19,74,17828.00,"BOREALIS-1"
2026-08-01 13:53:37,2026-08-01 13:53:37,60.65562,15.62384,13,34,17949.00,"BOREALIS-1"
2026-08-01 13:54:08,2026-08-01 13:54:08,60.65678,15.62464,19,21,18031.00,"BOREALIS-1"
2026-08-01 13:54:38,2026-08-01 13:54:38,60.65875,15.62618,35,24,18121.00,"BOREALIS-1"
2026-08-01 13:55:09,2026-08-01 13:55:09,60.66122,15.62875,35,21,18208.00,"BOREALIS-1"
2026-08-01 13:55:39,2026-08-01 13:55:39,60.66306,15.63145,28,40,18295.00,"BOREALIS-1"
2026-08-01 13:56:10,2026-08-01 13:56:10,60.66512,15.63423,33,38,18385.00,"BOREALIS-1"
2026-08-01 13:56:40,2026-08-01 13:56:40,60.66720,15.63747,35,53,18474.00,"BOREALIS-1"
2026-08-01 13:57:11,2026-08-01 13:57:11,60.66883,15.64134,33,47,18572.00,"BOREALIS-1"
2026-08-01 13:57:42,2026-08-01 13:57:42,60.67024,15.64586,28,57,18676.00,"BOREALIS-1"
2026-08-01 13:58:12,2026-08-01 13:58:12,60.67091,15.65008,24,74,18775.00,"BOREALIS-1"
2026-08-01 13:58:43,2026-08-01 13:58:43,60.67118,15.65246,13,60,18894.00,"BOREALIS-1"
2026-08-01 13:59:13,2026-08-01 13:59:13,60.67201,15.65391,13,61,18990.00,"BOREALIS-1"
2026-08-01 13:59:44,2026-08-01 13:59:44,60.67259,15.65534,11,14,19088.00,"BOREALIS-1"
2026-08-01 14:00:15,2026-08-01 14:00:15,60.67345,15.65536,9,5,19180.00,"BOREALIS-1"
2026-08-01 14:00:45,2026-08-01 14:00:45,60.67481,15.65506,17,351,19279.00,"BOREALIS-1"
2026-08-01 14:01:16,2026-08-01 14:01:16,60.67658,15.65620,26,19,19383.00,"BOREALIS-1"
2026-08-01 14:01:46,2026-08-01 14:01:46,60.67835,15.65819,24,20,19477.00,"BOREALIS-1"
2026-08-01 14:02:17,2026-08-01 14:02:17,60.67989,15.65971,24,29,19571.00,"BOREALIS-1"
2026-08-01 14:02:47,2026-08-01 14:02:47,60.68110,15.66179,22,54,19665.00,"BOREALIS-1"
2026-08-01 14:03:18,2026-08-01 14:03:18,60.68236,15.66531,24,54,19763.00,"BOREALIS-1"
2026-08-01 14:03:49,2026-08-01 14:03:49,60.68315,15.66914,22,73,19855.00,"BOREALIS-1"
2026-08-01 14:04:19,2026-08-01 14:04:19,60.68406,15.67132,15,9,19956.00,"BOREALIS-1"
2026-08-01 14:04:50,2026-08-01 14:04:50,60.68543,15.67168,24,352,20053.00,"BOREALIS-1"
2026-08-01 14:05:20,2026-08-01 14:05:20,60.68700,15.67099,17,342,20142.00,"BOREALIS-1"
2026-08-01 14:05:51,2026-08-01 14:05:51,60.68882,15.67033,28,355,20232.00,"BOREALIS-1"
2026-08-01 14:06:22,2026-08-01 14:06:22,60.69103,15.67064,26,16,20329.00,"BOREALIS-1"
2026-08-01 14:06:52,2026-08-01 14:06:52,60.69318,15.67126,35,12,20425.00,"BOREALIS-1"
2026-08-01 14:07:23,2026-08-01 14:07:23,60.69505,15.67252,24,23,20517.00,"BOREALIS-1"
2026-08-01 14:07:53,2026-08-01 14:07:53,60.69680,15.67437,22,30,20614.00,"BOREALIS-1"
2026-08-01 14:08:24,2026-08-01 14:08:24,60.69796,15.67661,13,56,20710.00,"BOREALIS-1"
2026-08-01 14:08:54,2026-08-01 14:08:54,60.69838,15.67767,7,61,20805.00,"BOREALIS-1"
2026-08-01 14:09:25,2026-08-01 14:09:25,60.69906,15.67745,11,333,20903.00,"BOREALIS-1"
2026-08-01 14:09:56,2026-08-01 14:09:56,60.70026,15.67710,19,0,20992.00,"BOREALIS-1"
2026-08-01 14:10:26,2026-08-01 14:10:26,60.70175,15.67755,30,27,21083.00,"BOREALIS-1"
2026-08-01 14:10:57,2026-08-01 14:10:57,60.70335,15.67943,17,32,21175.00,"BOREALIS-1"
2026-08-01 14:11:27,2026-08-01 14:11:27,60.70466,15.68101,20,42,21264.00,"BOREALIS-1"
2026-08-01 14:11:58,2026-08-01 14:11:58,60.70581,15.68271,6,50,21365.00,"BOREALIS-1"
2026-08-01 14:12:29,2026-08-01 14:12:29,60.70634,15.68289,6,7,21472.00,"BOREALIS-1"
2026-08-01 14:12:59,2026-08-01 14:12:59,60.70710,15.68192,20,341,21576.00,"BOREALIS-1"
2026-08-01 14:13:30,2026-08-01 14:13:30,60.70859,15.68169,20,0,21673.00,"BOREALIS-1"
2026-08-01 14:14:00,2026-08-01 14:14:00,60.71006,15.68248,30,27,21763.00,"BOREALIS-1"
2026-08-01 14:14:31,2026-08-01 14:14:31,60.71160,15.68478,26,42,21852.00,"BOREALIS-1"
2026-08-01 14:15:02,2026-08-01 14:15:02,60.71279,15.68711,13,16,21947.00,"BOREALIS-1"
2026-08-01 14:15:32,2026-08-01 14:15:32,60.71349,15.68715,9,304,22047.00,"BOREALIS-1"
2026-08-01 14:16:03,2026-08-01 14:16:03,60.71395,15.68526,15,293,22141.00,"BOREALIS-1"
2026-08-01 14:16:33,2026-08-01 14:16:33,60.71454,15.68261,19,316,22242.00,"BOREALIS-1"
2026-08-01 14:17:04,2026-08-01 14:17:04,60.71592,15.68072,24,338,22350.00,"BOREALIS-1"
2026-08-01 14:17:34,2026-08-01 14:17:34,60.71748,15.67956,19,0,22462.00,"BOREALIS-1"
2026-08-01 14:18:05,2026-08-01 14:18:05,60.71863,15.67910,7,357,22568.00,"BOREALIS-1"
2026-08-01 14:18:36,2026-08-01 14:18:36,60.71938,15.67951,13,358,22667.00,"BOREALIS-1"
2026-08-01 14:19:06,2026-08-01 14:19:06,60.72014,15.67923,9,325,22771.00,"BOREALIS-1"
2026-08-01 14:19:37,2026-08-01 14:19:37,60.72117,15.67759,20,329,22871.00,"BOREALIS-1"
2026-08-01 14:20:07,2026-08-01 14:20:07,60.72221,15.67678,11,357,22969.00,"BOREALIS-1"
2026-08-01 14:20:38,2026-08-01 14:20:38,60.72275,15.67695,11,64,23070.00,"BOREALIS-1"
2026-08-01 14:21:09,2026-08-01 14:21:09,60.72275,15.67686,9,264,23169.00,"BOREALIS-1"
2026-08-01 14:21:39,2026-08-01 14:21:39,60.72316,15.67431,22,277,23274.00,"BOREALIS-1"
2026-08-01 14:22:10,2026-08-01 14:22:10,60.72401,15.67118,22,315,23375.00,"BOREALIS-1"
2026-08-01 14:22:40,2026-08-01 14:22:40,60.72585,15.66876,33,329,23473.00,"BOREALIS-1"
2026-08-01 14:23:11,2026-08-01 14:23:11,60.72838,15.66733,39,353,23565.00,"BOREALIS-1"
2026-08-01 14:23:42,2026-08-01 14:23:42,60.73092,15.66736,30,9,23665.00,"BOREALIS-1"
2026-08-01 14:24:12,2026-08-01 14:24:12,60.73253,15.66850,20,21,23772.00,"BOREALIS-1"
2026-08-01 14:24:43,2026-08-01 14:24:43,60.73343,15.66984,15,22,23875.00,"BOREALIS-1"
2026-08-01 14:25:13,2026-08-01 14:25:13,60.73377,15.66982,2,247,23974.00,"BOREALIS-1"
2026-08-01 14:25:44,2026-08-01 14:25:44,60.73420,15.66802,15,294,24081.00,"BOREALIS-1"
2026-08-01 14:26:15,2026-08-01 14:26:15,60.73430,15.66691,9,259,24184.00,"BOREALIS-1"
2026-08-01 14:26:45,2026-08-01 14:26:45,60.73393,15.66521,11,227,24282.00,"BOREALIS-1"
2026-08-01 14:27:16,2026-08-01 14:27:16,60.73342,15.66284,13,260,24377.00,"BOREALIS-1"
2026-08-01 14:27:46,2026-08-01 14:27:46,60.73362,15.66049,15,277,24476.00,"BOREALIS-1"
2026-08-01 14:28:17,2026-08-01 14:28:17,60.73455,15.65770,17,315,24571.00,"BOREALIS-1"
2026-08-01 14:28:47,2026-08-01 14:28:47,60.73530,15.65464,24,297,24663.00,"BOREALIS-1"
2026-08-01 14:29:18,2026-08-01 14:29:18,60.73625,15.65174,20,319,24761.00,"BOREALIS-1"
2026-08-01 14:29:49,2026-08-01 14:29:49,60.73771,15.65036,15,342,24856.00,"BOREALIS-1"
2026-08-01 14:30:19,2026-08-01 14:30:19,60.73845,15.64934,9,308,24955.00,"BOREALIS-1"
2026-08-01 14:30:50,2026-08-01 14:30:50,60.73901,15.64736,20,292,25054.00,"BOREALIS-1"
2026-08-01 14:31:20,2026-08-01 14:31:20,60.73956,15.64381,30,301,25153.00,"BOREALIS-1"
2026-08-01 14:31:51,2026-08-01 14:31:51,60.74071,15.64065,22,309,25245.00,"BOREALIS-1"
2026-08-01 14:32:22,2026-08-01 14:32:22,60.74234,15.63793,24,330,25343.00,"BOREALIS-1"
2026-08-01 14:32:52,2026-08-01 14:32:52,60.74368,15.63621,13,306,25443.00,"BOREALIS-1"
2026-08-01 14:33:23,2026-08-01 14:33:23,60.74436,15.63478,11,326,25543.00,"BOREALIS-1"
2026-08-01 14:33:53,2026-08-01 14:33:53,60.74456,15.63285,20,278,25640.00,"BOREALIS-1"
2026-08-01 14:34:24,2026-08-01 14:34:24,60.74514,15.62973,22,310,25744.00,"BOREALIS-1"
2026-08-01 14:34:55,2026-08-01 14:34:55,60.74649,15.62700,26,313,25846.00,"BOREALIS-1"
2026-08-01 14:35:25,2026-08-01 14:35:25,60.74803,15.62493,24,328,25944.00,"BOREALIS-1"
2026-08-01 14:35:56,2026-08-01 14:35:56,60.74944,15.62314,22,335,26041.00,"BOREALIS-1"
2026-08-01 14:36:26,2026-08-01 14:36:26,60.75077,15.62181,15,330,26144.00,"BOREALIS-1"
2026-08-01 14:36:57,2026-08-01 14:36:57,60.75146,15.62000,9,311,26237.00,"BOREALIS-1"
2026-08-01 14:37:28,2026-08-01 14:37:28,60.75206,15.62014,15,33,26328.00,"BOREALIS-1"
2026-08-01 14:37:58,2026-08-01 14:37:58,60.75305,15.62185,24,46,26417.00,"BOREALIS-1"
2026-08-01 14:38:29,2026-08-01 14:38:29,60.75413,15.62423,20,64,26508.00,"BOREALIS-1"
2026-08-01 14:38:59,2026-08-01 14:38:59,60.75446,15.62562,2,158,26597.00,"BOREALIS-1"
2026-08-01 14:39:30,2026-08-01 14:39:30,60.75440,15.62486,11,263,26692.00,"BOREALIS-1"
2026-08-01 14:40:01,2026-08-01 14:40:01,60.75458,15.62320,9,327,26789.00,"BOREALIS-1"
2026-08-01 14:40:31,2026-08-01 14:40:31,60.75551,15.62217,15,331,26890.00,"BOREALIS-1"
2026-08-01 14:41:02,2026-08-01 14:41:02,60.75654,15.62187,9,2,26995.00,"BOREALIS-1"
2026-08-01 14:41:32,2026-08-01 14:41:32,60.75736,15.62293,13,45,27093.00,"BOREALIS-1"
2026-08-01 14:42:03,2026-08-01 14:42:03,60.75797,15.62527,17,78,27187.00,"BOREALIS-1"
2026-08-01 14:42:36,2026-08-01 14:42:36,60.75777,15.62721,11,161,27284.00,"BOREALIS-1"
2026-08-01 14:43:06,2026-08-01 14:43:06,60.75652,15.62726,19,184,27371.00,"BOREALIS-1"
2026-08-01 14:43:37,2026-08-01 14:43:37,60.75499,15.62592,22,222,27461.00,"BOREALIS-1"
2026-08-01 14:44:07,2026-08-01 14:44:07,60.75407,15.62369,22,246,27542.00,"BOREALIS-1"
2026-08-01 14:44:38,2026-08-01 14:44:38,60.75366,15.62075,13,271,27635.00,"BOREALIS-1"
2026-08-01 14:45:09,2026-08-01 14:45:09,60.75405,15.61828,11,295,27729.00,"BOREALIS-1"
2026-08-01 14:45:39,2026-08-01 14:45:39,60.75422,15.61621,7,280,27833.00,"BOREALIS-1"
2026-08-01 14:46:10,2026-08-01 14:46:10,60.75405,15.61406,11,240,27927.00,"BOREALIS-1"
2026-08-01 14:46:40,2026-08-01 14:46:40,60.75356,15.61229,9,225,28029.00,"BOREALIS-1"
2026-08-01 14:47:11,2026-08-01 14:47:11,60.75312,15.61092,6,228,28117.00,"BOREALIS-1"
2026-08-01 14:47:42,2026-08-01 14:47:42,60.75285,15.61027,6,208,28206.00,"BOREALIS-1"
2026-08-01 14:48:12,2026-08-01 14:48:12,60.75233,15.60914,9,253,28288.00,"BOREALIS-1"
2026-08-01 14:48:43,2026-08-01 14:48:43,60.75217,15.60799,9,272,28366.00,"BOREALIS-1"
2026-08-01 14:49:13,2026-08-01 14:49:13,60.75212,15.60724,2,311,28449.00,"BOREALIS-1"
2026-08-01 14:49:44,2026-08-01 14:49:44,60.75168,15.60663,13,215,28533.00,"BOREALIS-1"
2026-08-01 14:50:14,2026-08-01 14:50:14,60.75077,15.60476,20,225,28616.00,"BOREALIS-1"
2026-08-01 14:50:45,2026-08-01 14:50:45,60.74999,15.60155,22,242,28706.00,"BOREALIS-1"
2026-08-01 14:51:16,2026-08-01 14:51:16,60.74960,15.59692,39,268,28798.00,"BOREALIS-1"
2026-08-01 14:51:46,2026-08-01 14:51:46,60.74989,15.59071,33,280,28885.00,"BOREALIS-1"
2026-08-01 14:52:17,2026-08-01 14:52:17,60.75061,15.58536,30,288,28975.00,"BOREALIS-1"
2026-08-01 14:52:47,2026-08-01 14:52:47,60.75107,15.58187,17,294,29062.00,"BOREALIS-1"
2026-08-01 14:53:18,2026-08-01 14:53:18,60.75145,15.57935,9,291,29152.00,"BOREALIS-1"
2026-08-01 14:53:49,2026-08-01 14:53:49,60.75169,15.57657,19,266,29233.00,"BOREALIS-1"
2026-08-01 14:54:19,2026-08-01 14:54:19,60.75177,15.57270,24,282,29313.00,"BOREALIS-1"
2026-08-01 14:54:50,2026-08-01 14:54:50,60.75219,15.57011,13,293,29387.00,"BOREALIS-1"
2026-08-01 14:55:20,2026-08-01 14:55:20,60.75271,15.56839,9,314,29460.00,"BOREALIS-1"
2026-08-01 14:55:51,2026-08-01 14:55:51,60.75313,15.56598,20,295,29537.00,"BOREALIS-1"
2026-08-01 14:56:22,2026-08-01 14:56:22,60.75362,15.56257,26,291,29621.00,"BOREALIS-1"
2026-08-01 14:56:52,2026-08-01 14:56:52,60.75432,15.55938,24,293,29707.00,"BOREALIS-1"
2026-08-01 14:57:23,2026-08-01 14:57:23,60.75499,15.55657,17,276,29794.00,"BOREALIS-1"
2026-08-01 14:57:53,2026-08-01 14:57:53,60.75495,15.55374,19,244,29887.00,"BOREALIS-1"
2026-08-01 14:58:24,2026-08-01 14:58:24,60.75431,15.55058,24,254,29979.00,"BOREALIS-1"
2026-08-01 14:58:55,2026-08-01 14:58:55,60.75378,15.54646,26,267,30072.00,"BOREALIS-1"
2026-08-01 14:59:25,2026-08-01 14:59:25,60.75388,15.54223,30,275,30160.00,"BOREALIS-1"
2026-08-01 14:59:56,2026-08-01 14:59:56,60.75445,15.53789,31,282,30242.00,"BOREALIS-1"
2026-08-01 15:00:26,2026-08-01 15:00:26,60.75556,15.53316,30,299,30324.00,"BOREALIS-1"
2026-08-01 15:00:57,2026-08-01 15:00:57,60.75690,15.52947,26,312,30403.00,"BOREALIS-1"
2026-08-01 15:01:28,2026-08-01 15:01:28,60.75819,15.52718,26,325,30480.00,"BOREALIS-1"
2026-08-01 15:01:58,2026-08-01 15:01:58,60.75943,15.52528,15,336,30564.00,"BOREALIS-1"
2026-08-01 15:02:29,2026-08-01 15:02:29,60.76028,15.52477,11,354,30644.00,"BOREALIS-1"
2026-08-01 15:03:00,2026-08-01 15:03:00,60.76066,15.52298,17,287,29009.00,"BOREALIS-1"
2026-08-01 15:03:30,2026-08-01 15:03:30,60.76056,15.52047,19,275,27507.00,"BOREALIS-1"
2026-08-01 15:04:01,2026-08-01 15:04:01,60.76051,15.52018,4,28,26145.00,"BOREALIS-1"
2026-08-01 15:04:31,2026-08-01 15:04:31,60.76140,15.51862,9,300,24904.00,"BOREALIS-1"
2026-08-01 15:05:02,2026-08-01 15:05:02,60.76210,15.51716,6,339,23805.00,"BOREALIS-1"
2026-08-01 15:05:33,2026-08-01 15:05:33,60.76352,15.51689,17,355,22756.00,"BOREALIS-1"
2026-08-01 15:06:03,2026-08-01 15:06:03,60.76439,15.51667,13,59,21791.00,"BOREALIS-1"
2026-08-01 15:06:34,2026-08-01 15:06:34,60.76557,15.51801,26,20,20909.00,"BOREALIS-1"
2026-08-01 15:07:05,2026-08-01 15:07:05,60.76712,15.51915,17,4,20054.00,"BOREALIS-1"
2026-08-01 15:07:35,2026-08-01 15:07:35,60.76840,15.52007,24,2,19249.00,"BOREALIS-1"
2026-08-01 15:08:06,2026-08-01 15:08:06,60.76968,15.52121,24,72,18508.00,"BOREALIS-1"
2026-08-01 15:08:36,2026-08-01 15:08:36,60.77151,15.52375,17,40,17799.00,"BOREALIS-1"
2026-08-01 15:09:07,2026-08-01 15:09:07,60.77298,15.52627,35,49,17143.00,"BOREALIS-1"
2026-08-01 15:09:38,2026-08-01 15:09:38,60.77557,15.53232,56,43,16497.00,"BOREALIS-1"
2026-08-01 15:10:08,2026-08-01 15:10:08,60.77777,15.53936,57,48,15877.00,"BOREALIS-1"
2026-08-01 15:10:39,2026-08-01 15:10:39,60.78035,15.54489,56,47,15306.00,"BOREALIS-1"
2026-08-01 15:11:10,2026-08-01 15:11:10,60.78358,15.55082,48,42,14741.00,"BOREALIS-1"
2026-08-01 15:11:40,2026-08-01 15:11:40,60.78636,15.55660,61,52,14193.00,"BOREALIS-1"
2026-08-01 15:12:11,2026-08-01 15:12:11,60.79004,15.56339,59,37,13680.00,"BOREALIS-1"
2026-08-01 15:12:42,2026-08-01 15:12:42,60.79406,15.57221,80,42,13169.00,"BOREALIS-1"
2026-08-01 15:13:12,2026-08-01 15:13:12,60.79852,15.58032,63,47,12677.00,"BOREALIS-1"
2026-08-01 15:13:43,2026-08-01 15:13:43,60.80266,15.58880,87,47,12213.00,"BOREALIS-1"
2026-08-01 15:14:14,2026-08-01 15:14:14,60.80678,15.59968,87,48,11738.00,"BOREALIS-1"
2026-08-01 15:14:44,2026-08-01 15:14:44,60.81133,15.61016,85,48,11297.00,"BOREALIS-1"
2026-08-01 15:15:15,2026-08-01 15:15:15,60.81594,15.62073,96,54,10890.00,"BOREALIS-1"
2026-08-01 15:15:46,2026-08-01 15:15:46,60.82104,15.63302,100,46,10496.00,"BOREALIS-1"
2026-08-01 15:16:16,2026-08-01 15:16:16,60.82649,15.64424,102,50,10103.00,"BOREALIS-1"
2026-08-01 15:16:47,2026-08-01 15:16:47,60.83091,15.65718,102,52,9742.00,"BOREALIS-1"
2026-08-01 15:17:18,2026-08-01 15:17:18,60.83548,15.66929,83,53,9374.00,"BOREALIS-1"
2026-08-01 15:17:49,2026-08-01 15:17:49,60.84027,15.68089,94,49,9013.00,"BOREALIS-1"
2026-08-01 15:18:19,2026-08-01 15:18:19,60.84468,15.69366,96,54,8662.00,"BOREALIS-1"
2026-08-01 15:18:50,2026-08-01 15:18:50,60.84858,15.70605,93,60,8321.00,"BOREALIS-1"
2026-08-01 15:19:21,2026-08-01 15:19:21,60.85264,15.71833,93,54,7981.00,"BOREALIS-1"
2026-08-01 15:19:51,2026-08-01 15:19:51,60.85629,15.73061,96,61,7651.00,"BOREALIS-1"
2026-08-01 15:20:22,2026-08-01 15:20:22,60.85945,15.74301,91,58,7319.00,"BOREALIS-1"
2026-08-01 15:20:53,2026-08-01 15:20:53,60.86292,15.75397,93,65,7012.00,"BOREALIS-1"
2026-08-01 15:21:24,2026-08-01 15:21:24,60.86612,15.76534,81,62,6686.00,"BOREALIS-1"
2026-08-01 15:21:54,2026-08-01 15:21:54,60.86942,15.77606,76,58,6366.00,"BOREALIS-1"
2026-08-01 15:22:25,2026-08-01 15:22:25,60.87272,15.78581,72,54,6052.00,"BOREALIS-1"
2026-08-01 15:22:56,2026-08-01 15:22:56,60.87562,15.79458,80,60,5740.00,"BOREALIS-1"
2026-08-01 15:23:27,2026-08-01 15:23:27,60.87846,15.80190,48,56,5417.00,"BOREALIS-1"
2026-08-01 15:23:57,2026-08-01 15:23:57,60.88116,15.80977,59,51,5095.00,"BOREALIS-1"
2026-08-01 15:24:28,2026-08-01 15:24:28,60.88310,15.81729,52,47,4776.00,"BOREALIS-1"
2026-08-01 15:24:59,2026-08-01 15:24:59,60.88508,15.82471,67,53,4473.00,"BOREALIS-1"
2026-08-01 15:25:30,2026-08-01 15:25:30,60.88709,15.83146,44,75,4159.00,"BOREALIS-1"
2026-08-01 15:26:01,2026-08-01 15:26:01,60.88867,15.83857,44,76,3852.00,"BOREALIS-1"
2026-08-01 15:27:02,2026-08-01 15:27:02,60.89102,15.85289,46,58,3279.00,"BOREALIS-1"
2026-08-01 15:27:32,2026-08-01 15:27:32,60.89166,15.85965,48,86,2994.00,"BOREALIS-1"
2026-08-01 15:28:03,2026-08-01 15:28:03,60.89233,15.86589,37,51,2718.00,"BOREALIS-1"
2026-08-01 15:28:34,2026-08-01 15:28:34,60.89301,15.87001,39,61,2458.00,"BOREALIS-1"
2026-08-01 15:29:04,2026-08-01 15:29:04,60.89391,15.87397,22,41,2182.00,"BOREALIS-1"
2026-08-01 15:29:35,2026-08-01 15:29:35,60.89432,15.87774,24,88,1892.00,"BOREALIS-1"
2026-08-01 15:30:06,2026-08-01 15:30:06,60.89425,15.88192,20,84,1617.00,"BOREALIS-1"
2026-08-01 15:30:36,2026-08-01 15:30:36,60.89517,15.88573,41,77,1328.00,"BOREALIS-1"
2026-08-01 15:31:38,2026-08-01 15:31:38,60.89745,15.89462,37,66,808.00,"BOREALIS-1"
2026-08-01 15:32:09,2026-08-01 15:32:09,60.89878,15.89972,46,69,575.00,"BOREALIS-1"
