datetime,elapsed_s,gas1
2026/08/01@14:08:01,7,2.802
2026/08/01@14:08:02,8,2.8014376
2026/08/01@14:08:04,10,2.7997504
2026/08/01@14:08:05,11,2.7978752
2026/08/01@14:08:06,12,2.796375
2026/08/01@14:08:07,13,2.7948752
2026/08/01@14:08:08,14,2.794125
2026/08/01@14:08:09,15,2.7922502
2026/08/01@14:08:10,16,2.791125
2026/08/01@14:08:11,17,2.7898126
2026/08/01@14:08:12,18,2.7886876
2026/08/01@14:08:13,19,2.7873752
2026/08/01@14:08:14,20,2.7868128
2026/08/01@14:08:16,22,2.7855
2026/08/01@14:08:17,23,2.7843752
2026/08/01@14:08:18,24,2.7841878
2026/08/01@14:08:19,25,2.7826876
2026/08/01@14:08:20,26,2.7823126
2026/08/01@14:08:21,27,2.7813752
2026/08/01@14:08:22,28,2.7804374
2026/08/01@14:08:23,29,2.7798752
2026/08/01@14:08:24,30,2.7793126
2026/08/01@14:08:25,31,2.7787502
2026/08/01@14:08:26,32,2.778
2026/08/01@14:08:27,33,2.7774376
2026/08/01@14:08:29,35,2.776875
2026/08/01@14:08:30,36,2.7763128
2026/08/01@14:08:31,37,2.7757502
2026/08/01@14:08:32,38,2.7753752
2026/08/01@14:08:33,39,2.7748128
2026/08/01@14:08:34,40,2.77425
2026/08/01@14:08:35,41,2.7738752
2026/08/01@14:08:36,42,2.7731252
2026/08/01@14:08:37,43,2.7727502
2026/08/01@14:08:38,44,2.7727502
2026/08/01@14:08:39,45,2.772375
2026/08/01@14:08:40,46,2.7718126
2026/08/01@14:08:42,48,2.771625
2026/08/01@14:08:43,49,2.7712502
2026/08/01@14:08:44,50,2.7708752
2026/08/01@14:08:45,51,2.7703126
2026/08/01@14:08:46,52,2.7701252
2026/08/01@14:08:47,53,2.7699376
2026/08/01@14:08:48,54,2.76975
2026/08/01@14:08:49,55,2.7691876
2026/08/01@14:08:50,56,2.7691876
2026/08/01@14:08:51,57,2.7688126
2026/08/01@14:08:52,58,2.7682502
2026/08/01@14:08:53,59,2.7678752
2026/08/01@14:08:55,61,2.7675
2026/08/01@14:08:56,62,2.7673126
2026/08/01@14:08:57,63,2.76675
2026/08/01@14:08:58,64,2.7671252
2026/08/01@14:08:59,65,2.7665628
2026/08/01@14:09:00,66,2.766375
2026/08/01@14:09:01,67,2.7658126
2026/08/01@14:09:02,68,2.7661876
2026/08/01@14:09:03,69,2.7656252
2026/08/01@14:09:04,70,2.7656252
2026/08/01@14:09:05,71,2.7654376
2026/08/01@14:09:07,72,2.764875
2026/08/01@14:09:08,74,2.764875
2026/08/01@14:09:09,75,2.7650626
2026/08/01@14:09:10,76,2.764875
2026/08/01@14:09:11,77,2.764875
2026/08/01@14:09:12,78,2.7643128
2026/08/01@14:09:13,79,2.7643128
2026/08/01@14:09:14,80,2.7639376
2026/08/01@14:09:15,81,2.7639376
2026/08/01@14:09:16,82,2.76375
2026/08/01@14:09:17,83,2.76375
2026/08/01@14:09:18,84,2.7633752
2026/08/01@14:09:20,86,2.7633752
2026/08/01@14:09:21,87,2.7633752
2026/08/01@14:09:22,88,2.7631876
2026/08/01@14:09:23,89,2.7630002
2026/08/01@14:09:24,90,2.7628126
2026/08/01@14:09:25,91,2.7628126
2026/08/01@14:09:26,92,2.7631876
2026/08/01@14:09:27,93,2.7628126
2026/08/01@14:09:28,94,2.7628126
2026/08/01@14:09:29,95,2.7624376
2026/08/01@14:09:30,96,2.7626252
2026/08/01@14:09:31,97,2.7624376
2026/08/01@14:09:33,99,2.7626252
2026/08/01@14:09:34,100,2.7626252
2026/08/01@14:09:35,101,2.7624376
2026/08/01@14:09:36,102,2.7620626
2026/08/01@14:09:37,103,2.76225
2026/08/01@14:09:38,104,2.7620626
2026/08/01@14:09:39,105,2.7618752
2026/08/01@14:09:40,106,2.7620626
2026/08/01@14:09:41,107,2.7618752
2026/08/01@14:09:42,108,2.7618752
2026/08/01@14:09:43,109,2.7618752
2026/08/01@14:09:44,110,2.7620626
2026/08/01@14:09:46,112,2.7615002
2026/08/01@14:09:47,113,2.7613124
2026/08/01@14:09:48,114,2.7613124
2026/08/01@14:09:49,115,2.761125
2026/08/01@14:09:50,116,2.7609376
2026/08/01@14:09:51,117,2.7607504
2026/08/01@14:09:52,118,2.7609376
2026/08/01@14:09:53,119,2.7609376
2026/08/01@14:09:54,120,2.7609376
2026/08/01@14:09:55,121,2.7607504
2026/08/01@14:09:56,122,2.7607504
2026/08/01@14:09:58,123,2.7605626
2026/08/01@14:09:59,125,2.7603752
2026/08/01@14:10:00,126,2.7605626
2026/08/01@14:10:01,127,2.7601876
2026/08/01@14:10:02,128,2.7603752
2026/08/01@14:10:03,129,2.76
2026/08/01@14:10:04,130,2.7603752
2026/08/01@14:10:05,131,2.7601876
2026/08/01@14:10:06,132,2.7598126
2026/08/01@14:10:07,133,2.7601876
2026/08/01@14:10:08,134,2.7598126
2026/08/01@14:10:09,135,2.76
2026/08/01@14:10:11,137,2.759625
2026/08/01@14:10:12,138,2.759625
2026/08/01@14:10:13,139,2.7594376
2026/08/01@14:10:14,140,2.7594376
2026/08/01@14:10:15,141,2.759625
2026/08/01@14:10:16,142,2.7594376
2026/08/01@14:10:17,143,2.7594376
2026/08/01@14:10:18,144,2.7594376
2026/08/01@14:10:19,145,2.759625
2026/08/01@14:10:20,146,2.7590628
2026/08/01@14:10:21,147,2.7592502
2026/08/01@14:10:22,148,2.7592502
2026/08/01@14:10:24,150,2.7590628
2026/08/01@14:10:25,151,2.7590628
2026/08/01@14:10:26,152,2.7592502
2026/08/01@14:10:27,153,2.7590628
2026/08/01@14:10:28,154,2.7592502
2026/08/01@14:10:29,155,2.7592502
2026/08/01@14:10:30,156,2.7588752
2026/08/01@14:10:31,157,2.7588752
2026/08/01@14:10:32,158,2.7588752
2026/08/01@14:10:33,159,2.7586876
2026/08/01@14:10:34,160,2.7586876
2026/08/01@14:10:35,161,2.7590628
2026/08/01@14:10:37,163,2.7586876
2026/08/01@14:10:38,164,2.7586876
2026/08/01@14:10:39,165,2.7586876
2026/08/01@14:10:40,166,2.7586876
2026/08/01@14:10:41,167,2.7585
2026/08/01@14:10:42,168,2.7588752
2026/08/01@14:10:43,169,2.7588752
2026/08/01@14:10:44,170,2.7586876
2026/08/01@14:10:45,171,2.7588752
2026/08/01@14:10:46,172,2.7586876
2026/08/01@14:10:47,173,2.7585
2026/08/01@14:10:49,175,2.7585
2026/08/01@14:10:50,176,2.7585
2026/08/01@14:10:51,177,2.7581252
2026/08/01@14:10:52,178,2.7581252
2026/08/01@14:10:53,179,2.7581252
2026/08/01@14:10:54,180,2.7583128
2026/08/01@14:10:55,181,2.7585
2026/08/01@14:10:56,182,2.7581252
2026/08/01@14:10:57,183,2.7585
2026/08/01@14:10:58,184,2.7586876
2026/08/01@14:10:59,185,2.7583128
2026/08/01@14:11:00,186,2.7581252
2026/08/01@14:11:02,188,2.7581252
2026/08/01@14:11:03,189,2.7581252
2026/08/01@14:11:04,190,2.7577502
2026/08/01@14:11:05,191,2.7577502
2026/08/01@14:11:06,192,2.7579376
2026/08/01@14:11:07,193,2.7579376
2026/08/01@14:11:08,194,2.7577502
2026/08/01@14:11:09,195,2.7579376
2026/08/01@14:11:10,196,2.7577502
2026/08/01@14:11:11,197,2.7579376
2026/08/01@14:11:12,198,2.7575626
2026/08/01@14:11:13,199,2.7575626
2026/08/01@14:11:15,201,2.757375
2026/08/01@14:11:16,202,2.7575626
2026/08/01@14:11:17,203,2.7575626
2026/08/01@14:11:18,204,2.7577502
2026/08/01@14:11:19,205,2.7571876
2026/08/01@14:11:20,206,2.757375
2026/08/01@14:11:21,207,2.7575626
2026/08/01@14:11:22,208,2.757
2026/08/01@14:11:23,209,2.7571876
2026/08/01@14:11:24,210,2.7568126
2026/08/01@14:11:25,211,2.757375
2026/08/01@14:11:26,212,2.757375
2026/08/01@14:11:28,214,2.7571876
2026/08/01@14:11:29,215,2.757
2026/08/01@14:11:30,216,2.7571876
2026/08/01@14:11:31,217,2.7571876
2026/08/01@14:11:32,218,2.7571876
2026/08/01@14:11:33,219,2.757375
2026/08/01@14:11:34,220,2.7571876
2026/08/01@14:11:35,221,2.757375
