-11.393443,108.53425,52.503204
-26.584702,71.721464,-92.84465
72.15847,93.30138,-104.70978
-47.47268,47.60274,-76.82672
37.97814,8.251142,-56.062744
36.079236,60.296808,52.503204
9.494535,0.6347032,-56.062744
60.76503,14.598174,-115.3884
36.079236,-29.83105,-137.93214
75.95628,-84.41553,-64.36833
55.06831,-24.753426,-56.062744
-53.169404,-27.292238,-24.02689
-24.685792,-94.57078,-3.2629108
60.76503,-5.712329,9.195477
11.393443,-34.908676,51.909948
62.663936,56.488588,-68.521128
37.97814,126.30594,-98.18396
182.295084,69.18265,-126.66027
39.877052,114.88128,-130.2198
115.833336,32.369864,-135.55912
18.98907,164.38814,-60.2155368
39.877052,69.18265,-60.808796
96.84427,118.6895,-159.88263
-51.270492,62.835616,-107.67606
75.95628,14.598174,-112.42211
96.84427,108.53425,-69.11439
100.64208,92.03197,-86.91208
55.06831,149.15526,-120.134452
77.855192,109.80366,-149.79727
-11.393443,137.7306,-95.81093
93.046456,116.15069,-164.6287
68.36066,39.9863,-81.57278
75.95628,109.80366,-115.98165
60.76503,78.0685,-118.354668
39.877052,51.41096,-60.808796
26.584702,99.64841,-77.419976
117.73225,109.80366,-136.15238
89.248632,95.84019,-69.11439
91.147544,26.022832,-117.76142
68.36066,78.0685,-101.74349
43.674864,53.94977,-74.4537
17.090164,15.86758,-53.09646
60.76503,85.68494,-82.759288
87.34973,-22.2146132,-117.76142
91.147544,-1.90410968,-86.91208
70.25957,109.80366,-95.81093
106.338808,41.25571,-120.72771
113.93443,36.178084,-73.26718
89.248632,133.92238,-69.11439
3.7978144,-32.369864,-145.05122
96.84427,62.835616,-102.93001
47.47268,65.37443,-69.11439
0.0,24.753426,-52.503204
49.371584,28.561646,-85.13231
125.32787,51.41096,-85.13231
132.92351,37.44749,-82.759288
66.461752,52.680368,-110.64234
11.393443,62.835616,-86.318824
106.338808,132.65297,-65.55485
-1.8989072,55.21918,-94.03116
47.47268,79.337908,-102.336752
36.079236,70.45206,-58.43577
34.18033,69.18265,-69.70764
62.663936,69.18265,-74.4537
134.8224,70.45206,-96.9974464
74.05738,112.34247,-54.282976
115.833336,41.25571,-95.81093
39.877052,41.25571,-85.13231
89.248632,38.716896,-88.69185
55.06831,13.328768,-108.26932
-39.877052,29.83105,-69.11439
110.13662,8.251142,-103.52326
30.382514,93.30138,-98.18396
17.090164,26.022832,-125.473752
142.41804,55.21918,-76.82672
74.05738,-19.6758,-77.419976
70.25957,13.328768,-50.130176
119.63115,98.379,-84.539052
51.270492,43.79452,-68.521128
20.88798,76.79909,-74.4537
45.573772,131.38356,-37.078532
49.371584,-4.4429224,-108.26932
-13.292351,33.63927,-83.9458
58.866124,66.64384,-83.9458
113.93443,75.529688,-81.57278
89.248632,79.337908,-123.693984
11.393443,42.525116,-98.18396
79.754104,88.22375,-131.99958
91.147544,71.721464,-65.55485
56.967216,111.07307,-76.82672
127.22678,89.49316,-28.179686
60.76503,70.45206,-99.96372
106.338808,67.913248,-102.93001
68.36066,144.07764,-120.134452
110.13662,32.369864,-139.71192
51.270492,0.6347032,-134.3726
87.34973,50.141556,-98.18396
151.91256,-32.369864,-91.658136
77.855192,121.22832,-105.89629
64.56284,70.45206,-99.96372
39.877052,15.86758,-97.5907
87.34973,64.10503,-94.62442
74.05738,65.37443,-104.70978
184.194,99.64841,-76.23347
121.53006,-6.981735,-76.23347
165.20492,71.721464,-133.1861
153.81148,39.9863,-109.45583
189.89072,5.712329,-128.44004
131.0246,80.60731,-143.27146
56.967216,104.72603,-97.5907
108.23771,51.41096,-123.693984
75.95628,31.100458,-137.93214
138.62022,93.30138,-94.03116
74.05738,46.333336,-123.693984
89.248632,56.488588,-107.0828
37.97814,71.721464,-79.199748
45.573772,39.9863,-92.25139
167.10384,97.1096,-107.0828
30.382514,45.063928,-126.06702
153.81148,52.680368,-101.74349
75.95628,72.99087,-141.49168
148.11476,123.76713,-127.84679
134.8224,8.251142,-142.08494
22.786886,22.2146132,-121.32096
129.12568,109.80366,-140.89842
79.754104,57.75799,-87.50534
100.64208,78.0685,-143.27146
43.674864,20.945206,-126.66027
123.42897,18.406394,-148.61076
172.80056,94.57078,-118.94794
89.248632,108.53425,-84.539052
108.23771,66.64384,-133.1861
182.295084,66.64384,-105.30303
85.45082,65.37443,-109.45583
72.15847,53.94977,-131.40632
125.32787,-57.75799,-143.86472
43.674864,13.328768,-103.52326
142.41804,85.68494,-138.5254
144.31694,81.87672,-105.30303
81.65301,60.296808,-101.74349
148.11476,83.14612,-101.74349
146.21585,105.99544,-99.96372
32.28142,13.328768,-145.05122
64.56284,47.60274,-141.49168
102.540984,86.95434,-107.0828
91.147544,113.61188,-107.67606
159.50821,93.30138,-152.1703
89.248632,60.296808,-86.318824
142.41804,38.716896,-169.968
93.046456,76.79909,-118.94794
148.11476,57.75799,-53.689716
125.32787,-17.136988,-86.91208
150.01367,-51.41096,-130.81306
106.338808,76.79909,-149.79727
53.169404,-5.712329,-183.01964
199.38526,53.94977,-74.4537
161.4071,75.529688,-152.1703
113.93443,27.292238,-99.96372
22.786886,-19.6758,-183.6129
102.540984,144.07764,-131.99958
81.65301,119.95891,-79.199748
176.59838,39.9863,-167.59497
93.046456,93.30138,-101.74349
169.00274,88.22375,-144.45796
205.081968,75.529688,-164.6287
131.0246,70.45206,-113.60863
49.371584,75.529688,-113.60863
129.12568,146.61644,-123.10073
134.8224,46.333336,-76.23347
91.147544,104.72603,-128.44004
142.41804,65.37443,-133.77934
81.65301,76.79909,-95.81093
72.15847,151.69408,-130.81306
151.91256,119.95891,-107.0828
85.45082,116.15069,-166.40846
191.78962,112.34247,-162.25566
191.78962,34.908676,-120.134452
117.73225,85.68494,-175.307316
136.72132,27.292238,-167.59497
142.41804,13.328768,-136.15238
102.540984,41.25571,-202.00384
115.833336,0.6347032,-143.86472
159.50821,71.721464,-149.79727
218.374332,74.26028,-120.72771
178.497268,-14.598174,-167.00171
142.41804,23.484018,-165.22194
142.41804,18.406394,-130.2198
153.81148,80.60731,-190.73198
110.13662,94.57078,-168.18824
127.22678,-39.9863,-169.968
121.53006,144.07764,-187.76568
225.96996,111.07307,-167.59497
222.17214,99.64841,-134.3726
129.12568,10.789955,-171.747768
201.28416,18.406394,-143.86472
155.71039,75.529688,-110.64234
132.92351,36.178084,-100.556984
187.9918,100.91781,-161.6624
129.12568,61.56621,-134.3726
45.573772,22.2146132,-196.66454
119.63115,33.63927,-114.795132
260.1503,-0.6347032,-181.239868
142.41804,34.908676,-146.23773
222.17214,85.68494,-181.239868
93.046456,9.520548,-144.45796
159.50821,55.21918,-187.76568
163.30602,118.6895,-135.55912
131.0246,-86.95434,-79.79301
224.07104,-55.21918,-142.08494
214.5765,10.789955,-214.46224
265.84702,-74.26028,-156.91635
167.10384,13.328768,-136.15238
98.74317,46.333336,-196.071292
148.11476,-5.712329,-152.1703
136.72132,-4.4429224,-159.28938
132.92351,-80.60731,-171.747768
146.21585,43.79452,-171.747768
184.194,20.945206,-193.105
235.4645,3.173516,-123.693984
119.63115,-0.6347032,-175.307316
225.96996,-59.0274,-162.84892
191.78962,-9.520548,-175.90056
142.41804,20.945206,-202.00384
258.25136,24.753426,-181.239868
231.666668,15.86758,-190.13872
193.68854,-97.1096,-184.799408
208.879792,65.37443,-201.4106
123.42897,-55.21918,-180.64662
182.295084,67.913248,-107.67606
184.194,-34.908676,-172.93428
224.07104,-10.789955,-184.799408
157.6093,60.296808,-177.08708
244.959024,56.488588,-196.071292
161.4071,-18.406394,-159.88263
142.41804,13.328768,-100.556984
159.50821,-65.37443,-123.693984
180.39618,-22.2146132,-89.878368
161.4071,18.406394,-82.16603
138.62022,-18.406394,-126.06702
218.374332,-9.520548,-131.40632
112.03552,-56.488588,-153.95008
174.69946,69.18265,-131.40632
138.62022,-38.716896,-147.42426
161.4071,-65.37443,-142.08494
110.13662,-51.41096,-162.84892
87.34973,-24.753426,-97.5907
165.20492,-8.251142,-133.77934
83.55192,-83.14612,-128.44004
110.13662,-39.9863,-149.79727
106.338808,-43.79452,-166.40846
151.91256,-100.91781,-120.72771
47.47268,-114.88128,-45.977384
87.34973,-227.85846,-26.993172
148.11476,-175.812784,-24.620146
134.8224,-172.00458,-57.84251
102.540984,-221.511432,-56.656
136.72132,-150.42466,-33.518992
119.63115,-142.80822,-4.449424
72.15847,-202.47032,-53.09646
163.30602,-179.62102,-32.92574
153.81148,-125.03654,-45.977384
148.11476,-218.972616,-27.58643
172.80056,-193.58449,-15.128041
163.30602,-194.85388,-45.384124
184.194,-160.57991,-87.50534
210.7787,-17.136988,-71.48741
189.89072,-67.913248,-77.419976
248.75684,-102.18722,-105.89629
178.497268,79.337908,-100.556984
91.147544,-103.45663,-130.2198
94.94536,-52.680368,-128.44004
150.01367,-108.53425,-43.604356
17.090164,-75.529688,-68.521128
89.248632,-85.68494,-80.979512
184.194,-114.88128,-55.469488
159.50821,-160.57991,-47.757152
102.540984,-210.08676,-22.24712
180.39618,-203.739732,-35.298764
119.63115,-83.14612,-19.280838
108.23771,-66.64384,-41.23133
150.01367,-189.77626,-73.26718
146.21585,-142.80822,-32.33248
98.74317,-151.69408,-8.60222
64.56284,-85.68494,8.60222
113.93443,-150.42466,-18.68758
94.94536,-191.045668,-29.366198
91.147544,-169.46576,-29.959456
85.45082,-107.26485,-38.265044
51.270492,-136.4612,-77.419976
136.72132,-118.6895,0.8898848
32.28142,-151.69408,34.705504
66.461752,-207.54796,-20.46735
121.53006,-192.31508,-37.67179
129.12568,-135.19179,4.449424
91.147544,-147.88585,-44.790868
75.95628,-144.07764,-34.705504
81.65301,-192.31508,-14.534785
112.03552,-189.77626,-50.130176
30.382514,-197.3927,-48.350408
144.31694,-141.53882,-73.26718
132.92351,-97.1096,-35.298764
132.92351,-33.63927,-75.04695
20.88798,27.292238,-105.89629
113.93443,92.03197,-123.693984
131.0246,51.41096,-91.658136
94.94536,19.6758,-130.81306
148.11476,83.14612,-87.50534
140.51914,-4.4429224,-126.66027
258.25136,52.680368,-192.511736
113.93443,17.136988,-167.59497
167.10384,36.178084,-157.50962
225.96996,-23.484018,-136.74564
110.13662,48.872148,-113.01537
1.8989072,15.86758,-145.05122
170.90164,-3.173516,-200.22408
176.59838,-10.789955,-252.430652
246.85794,18.406394,-217.42852
275.34156,-14.598174,-216.242
203.18308,-29.83105,-239.37902
222.17214,-5.712329,-193.69826
243.06012,-29.83105,-154.54332
239.2623,-15.86758,-204.37688
254.45356,4.4429224,-188.952208
263.9481,9.520548,-216.83526
279.13934,-141.53882,-179.4601
233.56558,-51.41096,-242.93856
174.69946,-105.99544,-188.358936
319.01642,-65.37443,-142.08494
250.65574,-32.369864,-234.63296
256.35248,-10.789955,-200.22408
315.2186,-10.789955,-147.42426
224.07104,28.561646,-206.749908
244.959024,-72.99087,-164.03543
243.06012,-33.63927,-173.52754
281.03828,-92.03197,-192.511736
212.677616,32.369864,-187.76568
216.47542,51.41096,-199.03756
170.90164,-75.529688,-61.995308
77.855192,-28.561646,-95.217672
79.754104,41.25571,-114.795132
98.74317,-19.6758,-214.46224
178.497268,125.03654,-171.747768
187.9918,22.2146132,-169.37474
132.92351,100.91781,-181.239868
150.01367,33.63927,-188.358936
182.295084,18.406394,-206.749908
157.6093,-17.136988,-185.392668
210.7787,0.6347032,-208.52968
70.25957,53.94977,-191.32522
106.338808,64.10503,-211.49596
0.0,24.753426,-206.15664
170.90164,-0.6347032,-180.05336
134.8224,29.83105,-183.01964
167.10384,-32.369864,-217.42852
119.63115,-66.64384,-207.93642
167.10384,28.561646,-152.76355
184.194,34.908676,-169.37474
169.00274,-98.379,-157.50962
182.295084,-9.520548,-228.7004
132.92351,70.45206,-180.05336
131.0246,88.22375,-192.511736
142.41804,17.136988,-173.52754
28.483608,59.0274,-171.747768
159.50821,23.484018,-200.81734
140.51914,45.063928,-195.47802
150.01367,3.173516,-194.29152
169.00274,51.41096,-156.32309
163.30602,42.525116,-229.29366
70.25957,32.369864,-173.52754
165.20492,52.680368,-210.9027
89.248632,170.735168,-214.46224
252.55466,118.6895,-213.86898
98.74317,136.4612,-253.617168
150.01367,50.141556,-219.80154
85.45082,52.680368,-209.12292
72.15847,78.0685,-239.97228
125.32787,71.721464,-199.03756
66.461752,105.99544,-167.59497
77.855192,38.716896,-169.968
45.573772,105.99544,-156.91635
74.05738,95.84019,-139.71192
62.663936,60.296808,-159.88263
68.36066,90.76256,-226.32736
64.56284,109.80366,-239.37902
121.53006,69.18265,-191.32522
85.45082,136.4612,-187.76568
56.967216,85.68494,-198.4443
-51.270492,226.589052,-159.28938
68.36066,114.88128,-185.392668
11.393443,113.61188,-213.86898
115.833336,131.38356,-245.904832
36.079236,88.22375,-181.239868
7.5956284,116.15069,-169.37474
68.36066,128.84476,-120.134452
45.573772,85.68494,-131.99958
-5.6967216,126.30594,-115.3884
136.72132,34.908676,-247.6846
129.12568,111.07307,-249.464368
74.05738,57.75799,-260.14296
212.677616,79.337908,-206.749908
170.90164,139.0,-95.217672
180.39618,122.49772,-85.13231
83.55192,105.99544,-64.36833
191.78962,111.07307,-126.06702
113.93443,151.69408,-110.64234
113.93443,117.4201,-34.705504
233.56558,147.88585,-126.66027
144.31694,85.68494,-112.42211
155.71039,85.68494,-127.84679
100.64208,88.22375,-127.84679
155.71039,90.76256,-141.49168
167.10384,56.488588,-149.79727
187.9918,65.37443,-164.6287
225.96996,66.64384,-148.61076
140.51914,95.84019,-98.18396
138.62022,48.872148,-157.50962
108.23771,85.68494,-162.84892
132.92351,131.38356,-149.20402
87.34973,127.57535,-130.2198
117.73225,130.11416,-151.57704
203.18308,86.95434,-188.358936
102.540984,51.41096,-180.64662
178.497268,174.54338,-139.71192
142.41804,88.22375,-98.18396
187.9918,88.22375,-146.23773
113.93443,28.561646,-89.878368
93.046456,46.333336,-171.747768
83.55192,97.1096,-172.93428
98.74317,59.0274,-39.45156
7.5956284,139.0,-105.89629
102.540984,74.26028,-114.795132
43.674864,6.981735,-144.45796
144.31694,41.25571,-188.358936
9.494535,94.57078,-134.3726
68.36066,187.23744,-146.23773
-7.5956284,13.328768,-231.666668
56.967216,166.92694,-159.88263
43.674864,109.80366,-203.78362
-20.88798,161.84932,-187.76568
45.573772,161.84932,-147.42426
94.94536,32.369864,-206.15664
146.21585,116.15069,-196.66454
-45.573772,46.333336,-156.32309
7.5956284,108.53425,-185.98592
91.147544,140.26941,-168.18824
70.25957,53.94977,-196.071292
15.191257,67.913248,-164.6287
5.6967216,150.42466,-168.18824
64.56284,84.41553,-174.714052
68.36066,128.84476,-136.74564
39.877052,94.57078,-148.61076
26.584702,142.80822,-140.89842
68.36066,122.49772,-202.00384
9.494535,140.26941,-167.00171
34.18033,164.38814,-158.69612
30.382514,95.84019,-166.40846
-5.6967216,169.46576,-156.91635
26.584702,75.529688,-143.27146
3.7978144,100.91781,-158.69612
24.685792,141.53882,-120.134452
-15.191257,97.1096,-131.40632
22.786886,199.93152,-96.9974464
-28.483608,81.87672,-154.54332
28.483608,163.11873,-139.11865
-30.382514,161.84932,-126.06702
106.338808,145.34703,-110.04909
32.28142,189.77626,-135.55912
15.191257,175.812784,-152.76355
56.967216,133.92238,-135.55912
87.34973,145.34703,-108.26932
24.685792,95.84019,-170.561252
-51.270492,112.34247,-140.89842
79.754104,123.76713,-123.10073
75.95628,93.30138,-118.354668
7.5956284,156.7717,-156.91635
9.494535,127.57535,-137.93214
17.090164,141.53882,-131.99958
-55.06831,116.15069,-133.77934
-3.7978144,119.95891,-160.47589
-53.169404,98.379,-150.9838
75.95628,-9.520548,-120.72771
-15.191257,65.37443,-136.74564
79.754104,103.45663,-98.18396
32.28142,105.99544,-64.36833
-11.393443,38.716896,-5.0426808
37.97814,81.87672,-54.282976
37.97814,5.712329,-59.029027
1.8989072,-17.136988,-102.336752
18.98907,4.4429224,-60.2155368
132.92351,5.712329,-100.556984
72.15847,15.86758,-69.70764
91.147544,72.99087,-94.03116
94.94536,1.90410968,-113.60863
-37.97814,14.598174,-63.18182
136.72132,64.10503,-115.98165
62.663936,51.41096,-79.199748
-11.393443,52.680368,-113.60863
47.47268,85.68494,-70.89416
-64.56284,107.26485,-60.808796
11.393443,99.64841,-123.693984
34.18033,-24.753426,-73.26718
9.494535,22.2146132,-89.28511
-5.6967216,37.44749,-72.080664
94.94536,55.21918,-75.04695
18.98907,127.57535,-145.05122
-62.663936,224.05023,-151.57704
68.36066,136.4612,-203.190368
51.270492,108.53425,-204.37688
28.483608,166.92694,-201.4106
39.877052,147.88585,-120.72771
-24.685792,150.42466,-122.50748
-47.47268,149.15526,-123.10073
-26.584702,187.23744,-79.79301
-115.833336,187.23744,-98.18396
-22.786886,149.15526,-96.9974464
-1.8989072,127.57535,-123.693984
-87.34973,85.68494,-126.06702
-87.34973,136.4612,-121.32096
-87.34973,86.95434,-46.570636
-75.95628,123.76713,-63.18182
-161.4071,160.57991,-122.50748
-32.28142,65.37443,-84.539052
-83.55192,133.92238,-105.89629
36.079236,80.60731,-56.656
-77.855192,168.196352,-48.350408
-123.42897,132.65297,-61.995308
-5.6967216,92.03197,-45.384124
-15.191257,107.26485,-56.062744
-17.090164,198.662116,-102.336752
-18.98907,187.23744,-150.9838
62.663936,159.3105,-185.98592
24.685792,123.76713,-244.71832
-37.97814,136.4612,-184.799408
119.63115,160.57991,-191.32522
-41.77596,137.7306,-248.27786
-30.382514,144.07764,-239.97228
0.0,165.65754,-203.78362
7.5956284,163.11873,-202.00384
-74.05738,205.00914,-230.48016
-56.967216,102.18722,-223.95434
-36.079236,182.15982,-252.430652
-9.494535,109.80366,-308.19678
36.079236,131.38356,-292.17884
3.7978144,127.57535,-297.51816
-30.382514,197.3927,-295.1451
-119.63115,189.77626,-258.36322
1.8989072,117.4201,-294.55188
-89.248632,131.38356,-283.28
-56.967216,132.65297,-294.55188
58.866124,132.65297,-288.6193
-34.18033,152.96347,-342.0124
79.754104,141.53882,-286.24628
-18.98907,156.7717,-261.3295
-1.8989072,194.85388,-299.89116
-3.7978144,180.890416,-308.19678
11.393443,187.23744,-237.00598
-32.28142,239.283108,-250.05764
-28.483608,220.24202,-289.21256
51.270492,90.76256,-327.77424
-68.36066,193.58449,-336.07984
-98.74317,211.356176,-307.01024
-41.77596,130.11416,-239.37902
-11.393443,239.283108,-171.747768
-75.95628,114.88128,-100.556984
-56.967216,17.136988,-89.28511
-93.046456,79.337908,-40.638072
-43.674864,160.57991,-73.26718
-72.15847,130.11416,-74.4537
-83.55192,160.57991,-24.02689
3.7978144,84.41553,-11.568502
-87.34973,149.15526,-43.011096
-150.01367,126.30594,-12.161759
-74.05738,126.30594,-44.790868
-70.25957,123.76713,-53.689716
-51.270492,122.49772,-65.55485
-45.573772,112.34247,-61.995308
-89.248632,145.34703,-53.09646
-93.046456,79.337908,-11.568502
-77.855192,95.84019,-6.2291936
-89.248632,100.91781,-76.82672
-53.169404,150.42466,-69.70764
-32.28142,205.00914,-87.50534
-155.71039,107.26485,-61.995308
-98.74317,144.07764,-73.860432
-119.63115,277.3653,-35.89202
-100.64208,155.50229,-31.739226