-0.0134561424,-0.010345459,0.018479478
-0.015275905,-0.0066833496,0.010765205
-0.009614422,-0.009002686,0.0048214208
-0.0074913656,-0.013153076,0.005074348
-0.009412226,-0.012298584,0.0050111156
-0.0035485468,-0.019012452,0.002197303
-0.0039529384,-0.009979248,0.0033354746
-0.0026386656,-0.019500732,0.0013752904
-0.000414511332,-0.016937256,0.0023237668
-0.0014254905,-0.016815186,0.0031773954
-0.000414511332,-0.013641357,0.0017862968
0.0015063491,-0.01083374,0.0016598334
0.0005964678,-0.008026123,0.0010591317
0.0012030554,-0.005218506,0.00042681428
-0.0014254905,-0.0010681152,-0.0011223635
0.00180964284,-0.0007019043,-0.0042839508
-0.0026386656,-0.0007019043,-0.0029560842
0.0013041532,0.0016174316,-0.0003951984
-0.0012232946,-0.010223389,-0.0023237668
-0.0012232946,-0.012664795,-0.00083782068
0.0021129368,-0.01461792,-0.0020708398
-0.00011121758,-0.011199951,0.0011223635
9.0978252e-05,-0.017547608,0.000237119052
0.0022140346,-0.014984131,0.0016598334
0.005246972,-0.019622802,0.001754681
0.002719524,-0.008026123,-0.0010907476
0.000192076176,-0.008636475,-0.0016282174
0.002719524,0.014190674,-0.0039677924
0.004438189,0.00711059568,-0.006402214
-0.0024364698,0.004058838,-0.004252335
-0.0007178051,0.006378174,-0.007160995
0.0019107408,0.007843018,-0.005927976
0.0026184262,0.009918213,-0.005295659
0.0061568532,0.00491333,-0.006244135
-0.0012232946,0.004547119,-0.00735069036
0.003932699,-9.1552732e-05,-0.004726573
-0.00081890308,-0.0015563965,-0.0048846524
0.003022818,0.00186157232,-0.0023553826
-0.00031341342,0.013702393,-0.0065919096
0.00180964284,0.008575439,-0.0043787984
0.0020118386,0.0028381348,-0.008267551
0.0056513636,0.008331299,-0.010101272
0.0024162302,0.015045166,-0.006939684
0.002719524,0.006866455,-0.00804624
-0.000414511332,0.0069885256,-0.006528678
-0.0010210988,0.0028381348,-0.005801513
0.0005964678,0.0039367676,-0.0030509318
-0.0013243926,0.009552002,-0.0065919096
-0.0013243926,0.0058898924,-0.00700291568
0.0025173284,0.0027160644,-0.0038729444
-0.0006167072,0.00881958,-0.005675049
-0.0011221968,-0.000579834,-0.006212519
0.0025173284,-0.0015563965,-0.0067816048
0.0036294052,0.0058898924,-0.0076352332
0.0033261116,0.01675415,-0.0053905064
0.0026184262,0.0025939942,-0.0061176712
0.0011019574,0.00894165,-0.0059595924
0.00292172,-0.0010681152,-0.006307367
-0.003144155,0.0051574708,-0.0051059636
0.002820622,0.0019836426,-0.009026332
0.00352830752,0.0058898924,-0.005264043
0.0032250136,-0.000579834,-0.0075087692
-0.00011121758,0.001739502,-0.0063389824
-0.003144155,0.0077209468,-0.00384132868
0.0011019574,0.0022277832,-0.008204319
0.00089976157,0.0030822754,-0.00735069036
0.004033797,0.0038146972,-0.0072874584
0.0033261116,0.002105713,-0.005295659
0.000394272,0.0054016112,-0.004536878
0.0048425804,0.0005187988,-0.007572002
0.00079866368,0.00491333,-0.005927976
0.001607447,-0.00045776368,-0.00444203
0.0033261116,0.00088500976,-0.0048214208
0.00292172,-0.0019226074,-0.0073190744
0.0038316012,0.006500244,-0.0066867572
0.0010008596,-0.0039978028,-0.0048214208
0.00180964284,0.0050354004,-0.005232427
0.00373050336,-0.0008239746,-0.0049795
0.0033261116,-0.0013122559,-0.007034532
0.0047414824,0.00076293944,-0.004031024
0.003932699,-0.0032653808,-0.0053905064
0.00170854492,-0.0013122559,-0.00384132868
0.00069756576,0.0101623532,-0.003999408
0.0026184262,0.0012512207,-0.0054221224
0.004438189,0.0024719238,-0.0051059636
0.0021129368,0.006011963,-0.00384132868
0.006864539,-0.009246826,-0.006244135
-0.00081890308,0.00015258789,-0.0055485856
0.0034272096,0.0023498536,-0.0061176712
0.0015063491,0.00076293944,-0.0043787984
0.0045392868,0.00894165,-0.00384132868
0.002719524,0.0034484864,-0.0023237668
0.0026184262,0.0014953613,-0.00690806836
0.0022140346,0.006134033,-0.0033670904
0.0031239158,0.0023498536,-0.007192611
0.0033261116,0.00076293944,-0.0031457792
0.0014052512,-9.1552732e-05,-0.0060544396
0.00292172,3.051758e-05,-0.003714865
0.00292172,3.051758e-05,-0.003714865
0.0023151324,3.051758e-05,-0.004536878
0.0025173284,-0.0019226074,-0.0060860556
-0.002032078,0.0014953613,-0.0066551412
0.0021129368,-0.0008239746,-0.0067816048
0.0021129368,0.0019836426,-0.00912118
-0.0025375676,0.0028381348,-0.005232427
0.003022818,0.004058838,-0.00384132868
0.0022140346,0.006011963,-0.003999408
0.0032250136,3.051758e-05,-0.005769897
-0.00081890308,-0.00033569336,-0.0060544396
0.0022140346,-0.0026550292,-0.00551697
-0.0029419592,0.0002746582,-0.0054221224
0.00292172,0.0002746582,-0.0054221224
0.0048425804,0.0027160644,-0.006402214
-0.0005156093,0.0012512207,-0.006180903
-0.0023353716,0.0014953613,-0.0041891032
0.00069756576,0.0030822754,-0.0061176712
9.0978252e-05,0.003326416,-0.007698465
-0.0024364698,0.008087158,-0.008868252
0.0012030554,0.0027160644,-0.005991208
0.006561245,0.0030822754,-0.0061176712
0.006561245,0.0030822754,-0.0061176712
0.00180964284,0.007232666,-0.007698465
0.00069756576,0.0010070801,-0.004031024
0.001607447,0.00088500976,-0.0070977635
0.000394272,-0.0016784668,-0.0048530368
0.00170854492,0.0058898924,-0.0043787984
0.0022140346,0.007965088,-0.007761697
0.00292172,0.010040283,-0.0073190744
0.0026184262,0.0066223144,-0.008868252
0.005044776,0.001739502,-0.008552094
0.00079866368,0.006134033,-0.007224227
0.0034272096,0.011016846,-0.0046949572
0.004438189,0.007598877,-0.009374106
0.0045392868,-0.0007019043,-0.007477154
0.0032250136,0.006134033,-0.00700291568
0.0019107408,0.006500244,-0.009310874
-0.0023353716,0.012969971,-0.008552094
0.0056513636,0.0019836426,-0.008141087
-0.0007178051,0.002105713,-0.009152795
0.0026184262,0.006866455,-0.00690806836
-0.0010210988,0.007598877,-0.006244135
0.00292172,0.0062561036,-0.00842563
0.0031239158,0.0039367676,-0.0068132208
0.003022818,0.008453369,-0.007761697
0.0010008596,0.00186157232,-0.006465446
0.002719524,0.0027160644,-0.0058331284
-0.0013243926,0.005645752,-0.0043787984
-0.0006167072,0.010284424,-0.008457246
0.0034272096,0.00015258789,-0.007034532
0.0019107408,0.0055236816,-0.0055485856
0.004134895,0.006866455,-0.007224227
-0.0014254905,0.003692627,-0.0068132208
0.0015063491,0.006011963,-0.00687645236
-0.00081890308,0.003692627,-0.0060860556
0.00170854492,0.00186157232,-0.005485354
0.00373050336,0.0016174316,-0.0075087692
0.0026184262,-0.0010681152,-0.0048846524
0.0045392868,-0.00033569336,-0.0044104144
0.0031239158,0.00015258789,-0.005295659
0.0058535592,-0.0027770996,-0.007919776
0.00534807,-0.0010681152,-0.0049795
0.0033261116,0.002960205,-0.00551697
0.0038316012,0.00186157232,-0.003999408
0.005246972,-0.00045776368,-0.00690806836
0.0019107408,0.0010070801,-0.00444203
0.0033261116,0.004180908,-0.0046001096
0.002820622,0.0005187988,-0.0028928524
-1.0119665e-05,0.006011963,-0.0053905064
0.00180964284,0.0014953613,-0.0041891032
0.005044776,0.0047912596,-0.00842563
0.0025173284,0.0010070801,-0.0076352332
-0.00435733,-0.005584717,-0.004031024
0.0033261116,-0.0046081544,-0.0063389824
0.0062579512,-0.0011901856,-0.00346193832
0.0020118386,-0.003753662,-0.006939684
0.00373050336,0.0038146972,-0.0019443762
-0.0024364698,-0.0009460449,-0.005200811
0.0045392868,0.0024719238,-0.005927976
0.0025173284,0.0002746582,-0.0051059636
0.004337091,0.0039367676,-0.006244135
-0.0013243926,-0.004119873,-0.003714865
0.000394272,-0.0011901856,-0.005927976
0.0020118386,0.005279541,-0.006212519
0.005449168,0.00894165,-0.00589636
0.0019107408,0.0082092284,-0.008172703
-0.0013243926,0.004547119,-0.008267551
0.0046403848,0.011505127,-0.01003804
0.0019107408,0.003692627,-0.008805021
0.0013041532,0.008453369,-0.0075087692
-1.0119665e-05,0.00711059568,-0.008710173
0.00069756576,0.0082092284,-0.010385814
0.008583203,0.0069885256,-0.008330783
0.0034272096,0.008575439,-0.0046949572
0.0038316012,0.007598877,-0.010259351
0.0038316012,0.010040283,-0.009279259
0.004337091,0.004425049,-0.008552094
0.0022140346,0.011505127,-0.00690806836
0.0004953699,0.008575439,-0.008457246
0.0033261116,0.0043029784,-0.0075087692
-0.0015265884,0.0032043456,-0.007983008
0.00079866368,0.008575439,-0.005927976
0.0004953699,0.0043029784,-0.0060544396
0.000192076176,0.007476807,-0.0048846524
0.0060557556,0.003692627,-0.0060860556
-1.0119665e-05,0.0067443848,-0.0043155668
0.006359049,-0.003753662,-0.0043155668
0.00170854492,0.0073547363,-0.001975992
0.0020118386,0.0027160644,-0.0026399254
-0.0034474488,-0.0033874512,-0.0030509318
-0.0034474488,-0.003631592,-0.001248827
0.0012030554,-0.011566162,-0.0012804428
0.0025173284,0.00015258789,-4.742381e-05
0.00373050336,0.0010070801,-0.0015649857
0.0072689304,-0.0039978028,-0.002039224
0.0004953699,-0.0024108886,-0.001975992
-0.00011121758,-0.0033874512,-0.005675049
0.0020118386,0.0025939942,-0.0045684936
-0.0012232946,0.009307861,-0.0065919096
-0.0016276863,0.004425049,-0.007224227
0.00180964284,0.013580322,-0.008109472
0.0048425804,0.009307861,-0.010828436
0.005044776,0.009063721,-0.00912118
0.0002931741,0.0055236816,-0.007919776
0.0011019574,0.011749268,-0.009026332
0.0058535592,0.010040283,-0.0066551412
-0.00193098016,0.0028381348,-0.006212519
0.001607447,0.0101623532,-0.0072874584
0.0019107408,0.006500244,-0.008678557
0.003022818,0.002105713,-0.007856544
0.0021129368,0.00869751,-0.006212519
-0.00092000092,0.001739502,-0.007477154
0.005550266,0.007598877,-0.006497062
-0.0007178051,0.0077209468,-0.0070977635
0.0034272096,0.006011963,-0.007856544
0.0034272096,0.010894775,-0.0075087692
0.0058535592,0.005279541,-0.0098167288
0.0002931741,0.0014953613,-0.007224227
0.0075722242,0.007843018,-0.0060860556
0.0036294052,0.00881958,-0.006180903
0.0036294052,0.011260986,-0.005675049
-0.0006167072,0.006500244,-0.007034532
0.00180964284,-0.00180053716,-0.006623525
0.003022818,-0.011566162,-0.002197303
0.0042359928,-0.0113220216,-0.0005532778
0.0045392868,-0.009613037,-0.0005532778
0.0047414824,-0.013885498,-0.0026399254
-0.00172878432,-0.012786865,-0.0005532778
-0.0016276863,-0.0070495606,-0.0011539793
0.0025173284,-0.011444092,-0.004125871
0.0021129368,-0.0069274904,-0.0026083096
0.001607447,-0.003631592,-0.001975992
-0.002032078,-0.0050964356,-0.0043787984
0.0060557556,0.00076293944,-0.006180903
0.0014052512,0.0055236816,-0.0043155668
-0.0007178051,0.0058898924,-0.0060860556
0.0012030554,0.0051574708,-0.0065919096
-0.0018298822,-0.0009460449,-0.00804624
-0.0002123155,-0.00033569336,-0.0070977635
-0.0006167072,0.001373291,-0.00245023
-0.0007178051,-9.1552732e-05,-0.006307367
-0.0025375676,-0.0024108886,-0.0024818462
0.0031239158,-0.0032653808,-0.004473646
0.0047414824,0.0011291504,-0.0045684936
0.0048425804,-0.0010681152,-0.006212519
0.00373050336,0.0002746582,-0.006180903
0.000192076176,0.00186157232,-0.003746481
9.0978252e-05,-0.002166748,-0.007160995
0.00079866368,0.0050354004,-0.0028612364
0.0014052512,-0.0007019043,-0.009279259
9.0978252e-05,0.005645752,-0.008868252
0.0045392868,0.004058838,-0.0072874584
0.0011019574,0.0055236816,-0.0041574872
-0.00011121758,0.004180908,-0.0051059636
0.00352830752,0.009796143,-0.006497062
0.0034272096,0.01260376,-0.007445538
-0.00172878432,0.00711059568,-0.0068132208
0.0022140346,0.0034484864,-0.005991208
0.0058535592,0.008453369,-0.0060544396
0.0042359928,0.0046691896,-0.007160995
-0.00172878432,0.009552002,-0.005927976
0.0042359928,-0.00033569336,-0.003999408
-0.006884778,-0.000579834,-0.0053905064
0.0014052512,-0.0050964356,-0.0031457792
0.0005964678,-0.0022888184,-0.0049795
-0.003346351,0.00039672852,-0.0048214208
-0.0012232946,-0.00021362305,-0.0070661468
0.00180964284,0.010406494,-0.010543894
0.0010008596,0.010528564,-0.0077300808
-0.0028408614,0.011749268,-0.004536878
-0.00375074268,0.015899658,-0.00551697
0.0013041532,0.007476807,-0.006623525
-0.0005156093,-0.00289917,-0.0036200176
-0.005671603,0.0010070801,0.000237119052
-0.004256232,-0.0061950684,-0.005074348
-0.00172878432,-0.0015563965,-0.000711357168
0.0013041532,-0.0016784668,-0.002228919
-0.0029419592,0.00088500976,-0.004726573
-0.0002123155,0.0066223144,-0.00444203
0.003022818,0.015411377,-0.005991208
-0.0016276863,0.0058898924,-0.0054221224
0.0019107408,0.011627197,-0.0059595924
0.00069756576,0.009674072,-0.004726573
0.00089976157,-0.0014343262,-0.006244135
0.0020118386,0.007598877,-0.0053588908
0.0002931741,-0.0030212402,-0.005232427
0.0020118386,0.0128479,-0.008172703
-0.0012232946,0.003692627,-0.0066551412
0.0023151324,-0.0042419432,-0.0032722428
-0.0014254905,0.012237549,-0.0032090112
0.002719524,-0.002166748,-0.00346193832
-0.0007178051,0.00064086916,-0.002197303
0.0004953699,-0.010467529,-0.0016598334
0.0015063491,-0.0059509276,-0.0028612364
0.0025173284,0.0057678224,-0.003999408
-0.0026386656,0.0025939942,-0.003999408
0.000192076176,-0.0042419432,-0.00358840168
-0.000414511332,-0.00033569336,-0.0009642841
-0.0022342738,0.0023498536,-0.0009642841
0.0019107408,-0.008636475,-0.0044104144
-1.0119665e-05,-0.0010681152,-0.002039224
-0.00011121758,0.011260986,-0.006749989
-0.004458428,0.012481689,-0.004125871
0.00180964284,0.013336182,-0.006939684
-0.0016276863,0.013702393,-0.0027980048
-0.00193098016,0.007232666,-0.00589636
0.0014052512,0.0022277832,-0.0053588908
-0.0026386656,0.0035705566,-0.006212519
-0.0022342738,-0.00033569336,-0.006307367
-0.00172878432,0.0005187988,-0.0031457792
-0.003144155,0.009796143,-0.004125871
-0.0024364698,0.00076293944,-0.0027980048
-0.00193098016,0.0010070801,-0.003714865
-0.0023353716,0.00869751,-0.003019316
-0.007895757,0.002960205,-0.0043787984
0.00373050336,0.0058898924,-0.004536878
-0.00031341342,0.0055236816,-0.0049795
9.0978252e-05,0.01675415,-0.0017862968
0.00079866368,0.00186157232,-0.004252335
-0.005772701,0.0051574708,-0.00346193832
-0.004660624,0.0054016112,-0.002734773
-0.0041551344,0.007598877,-0.0043787984
-0.0011221968,0.0027160644,-0.00181791268
-0.002032078,0.0043029784,-0.0014385222
-0.0002123155,0.0028381348,-0.0014385222
0.0020118386,-9.1552732e-05,-0.003493554
0.00079866368,0.009307861,-0.0023869984
-0.00739026736,0.0032043456,-0.0039677924
-0.00172878432,-0.003631592,-0.0058331284
-0.0015265884,0.0002746582,-0.006749989
-0.006682582,0.0067443848,-0.002513462
0.0014052512,0.0047912596,-0.00343032232
-0.00193098016,-0.0030212402,-0.0048214208
-0.00092000092,0.004058838,-0.0045684936
0.000394272,0.0055236816,-0.0028612364
0.0025173284,0.0073547363,-0.0037780968
0.0011019574,0.010040283,-0.0039677924
0.000192076176,0.007232666,-0.0045684936
-0.002032078,0.006378174,-0.0033038588
0.000394272,0.0035705566,-0.0017862968
-0.00081890308,0.011016846,-0.0023869984
0.00170854492,-0.007537842,-0.0038729444
-0.0025375676,0.0046691896,-0.0042839508
-0.000414511332,0.007476807,-0.002766389
-0.00486282,0.01675415,-0.0040626396
-0.0028408614,0.0043029784,-0.0056434332
-0.0023353716,0.0032043456,-0.0032090112